Age,Attrition,BusinessTravel,Department,DistanceFromHome,Education,EducationField,EnvironmentSatisfaction,Gender,JobInvolvement,JobLevel,JobRole,JobSatisfaction,MaritalStatus,MonthlyIncome,NumCompaniesWorked,OverTime,PercentSalaryHike,PerformanceRating,RelationshipSatisfaction,StockOptionLevel,TotalWorkingYears,TrainingTimesLastYear,WorkLifeBalance,YearsAtCompany,YearsInCurrentRole,YearsSinceLastPromotion,YearsWithCurrManager,AgeDistance,AgeEnvir,JobRoleLevel,OverPerRating,InvolvementPerRating,StockYear
7,0,3,3,1,4,3,1,1,2,2,9,3,3,5993,1,1,18,3,3,1,7,2,4,7,5,0,7,701,71,92,13,23,17
10,0,1,3,1,4,3,4,2,3,3,9,3,3,10502,7,1,17,3,1,1,33,2,1,5,4,1,4,1001,104,93,13,33,15
6,1,1,3,7,3,3,1,1,1,2,8,3,1,6074,1,2,24,4,4,0,9,3,3,9,7,0,6,607,61,82,24,14,9
7,0,3,3,1,1,3,4,2,2,4,9,4,2,12742,1,1,16,3,3,1,21,3,3,21,6,11,8,701,74,94,13,23,31
5,1,1,3,1,3,4,1,1,2,1,8,2,3,2596,1,1,15,3,1,2,1,2,3,1,0,0,0,501,51,81,13,23,21
4,0,3,1,4,1,4,4,2,3,2,5,3,2,4162,1,2,12,3,3,2,5,3,3,5,4,0,3,404,44,52,23,33,25
5,0,3,3,9,5,6,2,1,2,1,8,4,1,3983,0,1,17,3,3,0,4,2,3,3,2,2,2,509,52,81,13,23,3
7,0,3,1,2,2,4,2,1,2,3,5,3,2,7596,1,1,13,3,2,2,10,2,3,10,9,9,0,702,72,53,13,23,30
6,0,3,3,4,4,4,3,2,2,1,1,2,2,2622,6,1,21,4,4,0,7,3,3,3,2,1,1,604,63,11,14,24,3
6,0,3,3,2,4,2,3,2,3,2,2,4,1,6687,1,1,11,3,4,0,14,2,4,14,11,4,11,602,63,22,13,33,14
4,1,3,2,22,1,1,4,1,1,1,6,3,2,1555,1,1,11,3,3,1,1,2,3,1,0,0,0,422,44,61,13,13,11
7,0,3,3,10,4,4,1,2,3,2,2,3,1,6142,3,2,16,3,3,0,10,4,3,5,2,0,4,710,71,22,23,33,5
6,1,3,3,3,3,2,4,2,3,1,1,1,1,2657,5,2,11,3,3,0,8,5,3,5,2,0,4,603,64,11,23,33,5
10,0,3,3,8,4,3,3,2,3,2,8,3,1,3780,7,1,11,3,3,0,19,3,3,1,0,0,0,1008,103,82,13,33,1
6,0,3,3,1,3,3,4,2,2,1,8,2,2,3294,5,1,17,3,1,1,7,2,2,5,4,0,2,601,64,81,13,23,15
9,0,3,1,2,4,3,4,2,2,1,3,4,1,3294,1,2,18,3,1,0,3,3,2,3,2,1,2,902,94,31,23,23,3
7,0,2,1,15,4,5,4,1,1,2,5,4,3,5406,1,1,24,4,1,1,15,4,2,15,12,11,11,715,74,52,14,14,25
7,0,3,3,1,4,4,4,1,2,1,8,3,2,2258,6,1,12,3,2,1,10,2,3,8,0,1,7,701,74,81,13,23,18
5,0,3,1,19,3,3,3,1,2,2,5,3,3,8620,1,1,14,3,3,2,10,3,3,10,7,0,4,519,53,52,13,23,30
11,1,3,3,14,4,3,2,2,3,1,1,2,2,4963,9,2,18,3,1,3,7,2,3,5,4,4,3,1114,112,11,23,33,35
9,0,3,3,10,2,3,1,1,3,1,1,4,2,2654,3,1,21,4,4,2,8,3,2,2,2,0,2,910,91,11,14,34,22
9,0,3,3,1,4,4,4,1,3,3,2,1,3,9396,7,1,16,3,3,1,17,3,3,4,2,0,3,901,94,23,13,33,14
7,0,3,3,10,1,4,3,1,3,3,4,3,1,13464,7,1,21,4,3,0,9,3,3,4,3,2,2,710,73,43,14,34,4
10,0,3,1,3,4,5,3,1,2,4,7,1,2,16856,1,1,11,3,1,0,34,3,4,34,6,1,16,1003,103,74,13,23,34
6,0,2,3,1,3,3,3,2,2,1,8,2,2,2332,6,1,20,4,3,0,5,3,3,3,0,0,2,601,63,81,14,24,3
9,0,1,3,18,1,4,1,2,3,3,2,3,2,10527,5,1,11,3,4,0,28,3,2,2,2,1,2,918,91,23,13,33,2
5,0,3,3,17,2,4,3,1,3,2,8,1,3,4558,1,1,12,3,4,1,10,2,3,10,0,1,8,517,53,82,13,33,20
5,0,3,3,23,2,3,3,1,4,1,1,3,2,2700,1,1,24,4,3,1,10,3,3,10,7,0,7,523,53,11,14,44,20
7,0,3,1,24,1,5,2,2,2,4,5,4,2,12031,0,1,11,3,1,1,21,2,2,20,9,9,6,724,72,54,13,23,30
6,0,3,3,9,3,4,1,1,3,1,1,4,2,2781,0,1,13,3,2,1,15,5,3,14,10,4,10,609,61,11,13,33,24
7,0,3,1,3,3,3,1,1,3,3,5,3,3,10609,0,1,12,3,3,2,17,6,2,16,10,5,13,703,71,53,13,33,36
5,0,1,3,5,2,3,4,2,3,1,8,4,1,2379,0,2,14,3,3,0,6,3,2,5,4,0,2,505,54,81,23,33,5
3,1,1,1,1,1,2,3,2,1,1,3,1,1,2325,0,1,21,4,1,0,1,5,4,0,0,0,0,301,33,31,14,14,0
10,0,3,3,17,3,2,3,2,3,3,9,3,2,10739,8,1,11,3,3,1,22,2,3,10,7,0,8,1017,103,93,13,33,20
10,0,3,3,23,4,3,4,2,3,4,4,4,1,14275,6,1,18,3,3,0,33,0,3,12,9,3,8,1023,104,44,13,33,12
6,0,2,1,8,1,3,2,2,2,1,3,4,1,2342,0,1,19,3,4,0,3,2,2,2,2,2,2,608,62,31,13,23,2
5,0,3,1,2,3,4,1,1,2,2,5,2,2,6644,2,1,19,3,2,2,10,2,3,0,0,0,0,502,51,52,13,23,20
6,1,1,3,3,3,3,1,1,3,1,1,1,1,3348,1,2,11,3,1,0,10,3,3,10,8,9,7,603,61,11,23,33,10
8,0,3,3,29,3,3,2,1,3,2,9,2,2,4434,1,1,13,3,4,1,10,3,2,9,8,7,8,829,82,92,13,33,19
6,0,1,3,10,4,2,4,1,2,2,2,3,2,5063,1,1,14,3,2,1,8,3,2,8,2,7,7,610,64,22,13,23,18
8,0,3,1,5,2,5,4,1,3,5,7,3,2,18303,6,1,13,3,2,0,21,3,4,1,0,0,0,805,84,75,13,33,1
5,0,3,1,1,3,3,3,1,3,2,5,3,2,5296,1,1,17,3,2,1,8,3,3,8,7,7,7,501,53,52,13,33,18
11,0,3,3,1,4,4,2,1,4,4,4,4,3,14732,2,1,13,3,4,2,31,4,4,7,7,0,0,1101,112,44,13,43,27
10,1,1,1,1,4,3,2,1,3,2,5,3,3,6728,7,1,12,3,4,2,12,3,3,6,3,0,1,1001,102,52,13,33,26
7,0,3,3,7,4,4,4,1,3,2,1,1,2,4284,5,2,22,4,3,1,16,2,3,5,3,0,4,707,74,12,24,34,15
9,0,2,1,26,3,5,1,1,2,2,5,1,2,4385,1,1,15,3,1,1,10,2,3,10,7,4,5,926,91,52,13,23,20
8,0,1,1,15,3,3,4,1,2,2,5,4,2,6804,3,1,18,3,3,1,7,5,3,2,2,2,2,815,84,52,13,23,12
7,1,3,1,5,3,2,4,1,3,2,3,4,2,2086,3,1,14,3,3,1,19,6,4,1,0,0,0,705,74,32,13,33,11
7,0,3,1,2,2,5,4,1,3,3,5,2,1,7351,7,1,16,3,3,0,10,2,3,1,0,0,0,702,74,53,13,33,1
6,0,3,3,1,4,4,3,1,3,1,1,2,1,2501,1,1,17,3,2,0,1,4,3,1,1,1,0,601,63,11,13,33,1
10,0,3,3,1,3,3,3,1,3,1,1,4,2,2723,1,1,11,3,2,0,1,0,2,1,0,0,0,1001,103,11,13,33,1
7,0,3,3,1,3,2,3,2,1,3,9,1,3,10252,2,2,21,4,3,1,17,2,3,7,7,7,7,701,73,93,24,14,17
7,0,3,3,6,1,4,4,1,2,3,2,1,2,9991,4,1,15,3,1,1,9,5,3,7,7,1,7,706,74,23,13,23,17
6,0,1,3,24,4,3,1,1,3,2,8,4,2,5309,1,1,15,3,4,2,10,2,3,10,8,4,7,624,61,82,13,33,30
5,0,3,3,8,3,4,2,2,4,1,1,3,2,3517,7,1,17,3,1,0,5,0,3,3,2,0,2,508,52,11,13,43,3
7,0,2,3,9,3,3,4,1,3,5,7,4,1,19431,2,1,13,3,3,0,21,3,2,6,0,1,3,709,74,75,13,33,6
6,0,3,3,7,4,4,1,1,3,1,1,4,1,2972,1,1,13,3,3,0,1,4,1,1,0,0,0,607,61,11,13,33,1
6,0,3,3,27,2,4,4,2,3,1,1,2,1,2311,2,1,15,3,4,0,9,3,3,3,2,1,2,627,64,11,13,33,3
8,0,3,1,16,3,5,4,2,3,4,7,4,2,16064,5,2,22,4,3,1,22,3,3,17,13,1,9,816,84,74,24,34,27
6,0,3,3,2,4,3,2,1,3,1,8,3,2,3477,1,1,14,3,4,1,6,2,4,5,2,0,3,602,62,81,13,33,15
6,1,3,1,6,4,3,2,1,1,2,5,3,2,6172,4,2,18,3,2,0,12,3,2,7,7,7,7,606,62,52,23,13,7
7,0,3,3,1,4,3,2,2,4,2,2,4,1,7625,0,1,13,3,3,0,10,4,2,9,7,1,8,701,72,22,13,43,9
7,0,2,1,1,5,4,4,2,3,2,5,4,1,6653,4,1,15,3,2,0,7,6,3,1,0,0,0,701,74,52,13,33,1
8,0,3,3,24,3,4,4,1,3,3,9,1,2,7406,1,2,21,4,4,1,10,5,2,10,9,5,8,824,84,93,24,34,20
8,0,1,1,26,2,3,3,1,3,4,7,4,2,16959,1,2,12,3,4,2,25,3,4,25,12,4,12,826,83,74,23,33,45
7,0,1,1,3,4,4,1,1,2,3,5,4,2,9699,4,1,11,3,1,1,16,2,3,13,9,1,12,703,71,53,13,23,23
10,1,3,3,4,4,3,1,1,3,1,1,3,2,2461,9,2,12,3,3,3,18,2,4,10,0,2,7,1004,101,11,23,33,40
10,0,1,1,2,3,5,2,1,3,3,5,2,2,10596,2,1,11,3,2,0,14,5,3,4,2,3,2,1002,102,53,13,33,4
6,0,1,3,6,3,3,3,1,3,2,2,4,3,7725,3,1,23,4,3,1,15,2,1,13,11,4,7,606,63,22,14,34,23
5,0,3,2,2,3,1,3,2,3,1,6,2,2,2187,4,1,14,3,3,0,6,3,3,2,0,1,2,502,53,61,13,33,2
6,0,1,1,10,3,5,2,1,2,2,5,4,1,4682,3,1,14,3,3,0,9,6,2,7,7,0,1,610,62,52,13,23,7
8,0,3,3,13,3,4,2,1,4,2,2,1,2,5538,5,1,18,3,3,2,10,2,2,0,0,0,0,813,82,22,13,43,20
4,0,3,1,2,3,4,3,2,3,1,3,3,1,2783,1,1,19,3,1,0,2,3,3,2,2,2,2,402,43,31,13,33,2
8,0,3,2,2,1,2,3,1,3,1,6,3,3,2696,0,2,11,3,3,1,4,5,3,3,2,1,0,802,83,61,23,33,13
8,0,3,1,3,3,3,3,1,2,2,5,2,3,8938,2,1,11,3,3,1,14,5,3,5,4,0,4,803,83,52,13,23,15
5,0,3,3,5,1,2,3,1,2,3,4,4,3,12808,1,2,16,3,2,1,9,3,3,9,8,0,8,505,53,43,23,23,19
6,0,3,3,1,1,3,4,1,2,2,8,4,2,5126,1,2,12,3,3,2,10,1,2,10,8,3,0,601,64,82,23,23,30
6,0,1,3,5,4,3,2,1,2,1,1,4,3,3761,9,1,12,3,2,1,10,3,2,5,4,0,3,605,62,11,13,23,15
7,1,3,3,2,2,6,4,1,2,1,8,3,1,2090,6,2,15,3,2,0,7,3,3,0,0,0,0,702,74,81,23,23,0
4,0,3,3,21,2,2,3,1,2,1,8,1,3,2296,0,1,14,3,2,3,2,3,3,1,1,0,0,421,43,81,13,23,31
7,0,3,3,29,3,2,4,1,3,2,9,4,2,6261,3,1,18,3,1,1,9,3,1,7,7,1,7,729,74,92,13,33,17
11,0,3,2,8,4,3,4,1,3,5,7,2,1,19717,6,1,14,3,1,0,36,4,3,7,3,7,7,1108,114,75,13,33,7
6,0,3,3,4,3,3,3,2,2,2,9,3,2,6162,1,1,12,3,3,1,14,3,3,14,13,6,8,604,63,92,13,23,24
6,0,3,1,2,1,2,3,1,3,1,3,2,2,2476,1,1,18,3,1,1,1,3,3,1,0,0,0,602,63,31,13,33,11
7,0,3,3,9,2,3,3,2,3,1,8,4,1,2288,1,1,12,3,3,0,2,3,3,2,2,2,1,709,73,81,13,33,2
5,0,3,1,18,1,3,1,1,4,2,5,3,2,6232,2,1,11,3,2,0,6,3,2,3,2,1,2,518,51,52,13,43,3
7,0,2,3,1,3,3,4,1,3,2,8,4,2,6472,1,2,15,3,4,1,9,2,3,9,8,5,8,701,74,82,23,33,19
11,0,3,1,25,3,3,1,2,3,3,5,1,1,7637,7,1,11,3,4,0,28,3,2,21,16,7,9,1125,111,53,13,33,21
6,0,3,1,8,2,6,3,1,3,3,5,3,3,7264,5,1,11,3,1,1,10,2,4,8,4,7,7,608,63,53,13,33,18
11,0,1,1,6,3,3,3,2,4,4,5,1,2,13212,9,1,11,3,4,3,36,0,2,7,7,7,7,1106,113,54,13,43,37
5,0,3,1,5,4,4,1,1,3,2,5,4,1,4908,1,1,14,3,2,0,4,3,3,4,2,0,2,505,51,52,13,33,4
7,0,1,3,6,4,3,1,1,2,2,9,3,2,5321,2,1,11,3,4,1,10,1,3,8,3,7,7,706,71,92,13,23,18
5,0,3,1,9,4,3,2,1,3,2,5,4,1,5253,1,1,16,3,4,0,7,1,3,7,5,0,7,509,52,52,13,33,7
3,1,3,3,2,3,3,2,1,2,1,8,4,1,1102,1,1,22,4,3,0,1,3,2,1,0,1,0,302,32,81,14,24,1
6,0,3,3,7,4,3,1,2,3,3,4,2,1,11994,0,1,11,3,3,0,13,4,3,12,6,2,11,607,61,43,13,33,12
10,0,3,3,7,4,4,2,1,2,2,9,3,2,6132,2,1,17,3,3,0,10,2,3,1,0,0,0,1007,102,92,13,23,1
6,0,1,3,10,3,3,1,1,3,1,1,3,2,3433,6,1,13,3,1,1,10,3,2,5,2,1,3,610,61,11,13,33,15
7,0,3,3,1,4,3,3,2,1,1,1,4,2,2977,1,1,12,3,4,1,4,5,3,4,3,1,1,701,73,11,13,13,14
11,0,2,2,2,4,1,3,2,2,5,7,4,2,18844,9,1,21,4,4,1,30,3,3,3,2,2,2,1102,113,75,14,24,13
6,0,3,3,10,3,4,1,2,3,3,9,3,1,9667,9,1,14,3,2,0,9,3,3,7,7,0,2,610,61,93,13,33,7
5,0,3,3,4,3,2,4,2,2,1,1,1,3,2109,1,1,13,3,3,1,1,2,3,1,0,0,0,504,54,11,13,23,11
10,0,3,3,4,2,3,4,2,3,4,7,4,2,16555,2,1,13,3,4,0,31,2,1,5,2,1,4,1004,104,74,13,33,5
7,0,1,3,3,2,4,4,1,3,1,8,2,1,2088,4,1,12,3,3,0,13,3,2,8,7,7,2,703,74,81,13,33,8
5,0,3,3,13,2,6,4,1,2,2,8,2,2,4025,4,2,13,3,1,1,10,2,3,4,3,0,3,513,54,82,23,23,14
7,0,3,3,18,5,3,2,1,4,2,1,1,2,5208,1,1,11,3,4,0,16,2,3,16,15,1,10,718,72,12,13,43,16
5,1,1,1,24,1,3,3,1,1,1,3,4,1,1118,1,2,14,3,4,0,1,4,3,1,0,1,0,524,53,31,23,13,1
10,0,3,3,19,4,4,4,2,3,2,9,1,3,5485,9,2,11,3,2,2,9,4,3,5,3,1,4,1019,104,92,23,33,25
6,0,3,1,7,3,3,4,1,2,2,5,3,2,5484,1,1,14,3,3,1,13,3,2,13,8,4,8,607,64,52,13,23,23
10,0,2,1,2,4,3,1,1,2,5,7,3,1,19068,1,2,18,3,4,0,33,2,4,33,7,15,12,1002,101,75,23,23,33
6,0,3,3,9,1,3,3,1,3,3,9,2,3,10648,1,1,25,4,4,1,13,6,4,13,8,0,8,609,63,93,14,34,23
3,1,2,3,10,3,4,1,2,2,1,1,2,1,1859,1,2,25,4,2,0,1,2,4,1,1,0,0,310,31,11,24,24,1
7,0,3,1,8,4,3,1,2,3,1,3,4,2,2572,1,1,16,3,2,1,3,1,2,3,2,0,2,708,71,31,13,33,13
5,0,1,3,15,3,3,4,2,2,1,1,1,2,4774,0,1,19,3,4,1,8,2,2,7,6,7,3,515,54,11,13,23,17
5,1,3,3,24,3,2,3,1,1,1,8,4,1,2340,1,2,18,3,2,0,1,3,1,1,0,0,0,524,53,81,23,13,1
5,0,3,3,15,2,3,1,1,3,1,8,3,3,2207,1,1,16,3,4,1,4,5,2,4,2,2,2,515,51,81,13,33,14
11,1,3,3,24,2,3,1,1,3,1,8,4,1,2587,1,1,16,3,4,0,5,3,3,4,2,1,0,1124,111,81,13,33,4
9,0,2,3,14,4,2,3,1,3,2,1,2,2,5467,8,1,18,3,3,1,16,4,4,8,7,1,7,914,93,12,13,33,18
8,1,3,1,25,4,5,4,1,2,3,5,2,1,9094,2,2,12,3,3,0,9,2,3,5,4,1,0,825,84,53,23,23,5
6,0,3,3,4,3,4,1,2,4,1,8,3,3,3978,8,1,12,3,2,1,4,0,2,2,2,2,2,604,61,81,13,43,12
4,1,3,3,6,3,3,3,1,4,1,8,1,2,1601,1,2,21,4,3,2,1,2,3,0,0,0,0,406,43,81,24,44,20
6,0,3,2,2,3,1,2,1,3,1,6,3,2,3600,1,1,13,3,4,1,5,2,3,5,4,1,4,602,62,61,13,33,15
5,0,3,1,2,2,4,1,2,4,2,5,3,1,6500,0,1,14,3,2,0,9,5,2,8,7,0,7,502,51,52,13,43,8
8,0,3,1,2,3,4,4,1,3,2,5,4,2,7847,1,2,17,3,1,1,10,3,3,10,9,8,8,802,84,52,23,33,20
7,0,3,1,28,4,3,2,2,2,1,3,3,2,2430,0,1,23,4,1,2,6,5,3,5,3,4,2,728,72,31,14,24,25
8,0,1,1,5,4,3,4,1,2,3,5,1,2,10475,5,2,21,4,3,1,20,2,3,18,13,1,12,805,84,53,24,24,28
7,0,2,3,18,4,3,1,1,3,2,9,4,1,7779,2,1,20,4,1,0,18,0,3,11,9,0,9,718,71,92,14,34,11
6,0,1,3,1,2,4,3,2,3,2,8,4,1,4011,1,1,23,4,4,0,12,2,3,12,8,3,7,601,63,82,14,34,12
11,0,3,3,2,4,2,2,1,2,1,1,4,2,2662,8,1,20,4,2,1,19,2,4,5,2,0,4,1102,112,11,14,24,15
7,0,3,1,1,5,5,3,1,3,3,5,2,2,7295,1,1,13,3,1,2,10,3,3,10,8,0,6,701,73,53,13,33,30
5,0,3,3,8,1,4,2,1,2,2,9,4,2,5056,1,2,15,3,3,1,10,2,2,10,7,1,2,508,52,92,23,23,20
7,1,2,3,2,3,3,1,2,2,1,8,1,1,3646,2,2,23,4,2,0,11,2,4,1,0,0,0,702,71,81,24,24,1
3,0,3,1,10,3,4,4,2,2,1,3,3,1,1200,1,1,12,3,1,0,0,2,3,0,0,0,0,310,34,31,13,23,0
6,0,3,3,9,2,4,4,1,2,1,8,3,1,2206,1,1,13,3,1,0,10,5,3,10,0,1,8,609,64,81,13,23,10
8,0,3,3,12,3,3,1,1,2,4,4,2,3,14336,1,1,11,3,3,1,25,3,3,25,10,3,9,812,81,44,13,23,35
8,0,3,3,1,4,3,1,1,3,4,7,1,3,16823,2,1,11,3,1,1,22,3,3,19,7,11,16,801,81,74,13,33,29
7,0,1,3,18,4,3,3,1,3,2,2,3,2,5689,1,2,14,3,4,2,10,2,4,10,2,0,2,718,73,22,23,33,30
7,1,3,1,10,3,4,4,1,2,3,5,1,2,10306,9,1,17,3,3,0,15,3,3,13,12,6,0,710,74,53,13,23,13
6,0,2,1,22,2,5,3,1,3,2,5,2,2,6146,0,1,13,3,1,1,8,2,4,7,7,0,7,622,63,52,13,33,17
9,0,3,1,9,3,5,4,1,3,3,5,1,3,10761,4,2,12,3,3,1,18,2,3,5,4,0,2,909,94,53,23,33,15
9,0,3,3,1,3,2,1,1,3,1,1,4,2,3420,7,1,12,3,3,1,17,2,2,6,5,1,2,901,91,11,13,33,16
5,1,3,3,21,3,4,1,1,3,1,8,3,3,2377,1,1,20,4,3,1,1,0,2,1,1,0,0,521,51,81,14,34,11
8,0,2,3,2,1,3,3,1,3,4,7,3,2,17861,0,2,13,3,4,0,21,3,2,20,8,2,10,802,83,74,23,33,20
5,0,3,3,7,1,4,1,2,2,1,8,4,3,2532,6,1,14,3,3,3,8,5,3,4,3,0,3,507,51,81,13,23,34
8,0,2,3,9,5,3,4,1,2,2,2,4,2,4876,9,1,14,3,4,1,5,5,1,3,2,0,2,809,84,22,13,23,13
6,0,2,1,10,3,3,4,1,3,2,5,3,3,4001,1,2,14,3,3,1,15,3,3,15,14,0,7,610,64,52,23,33,25
8,0,1,3,9,5,4,4,1,3,2,8,3,3,5679,3,2,13,3,2,1,10,3,3,8,7,4,7,809,84,82,23,33,18
6,0,3,3,12,3,4,4,2,3,2,2,4,2,5855,0,2,11,3,3,2,10,2,1,9,7,8,5,612,64,22,23,33,29
6,0,3,1,29,4,5,1,2,2,2,5,4,2,5468,1,1,14,3,1,2,13,3,3,12,7,5,7,629,61,52,13,23,32
4,0,3,3,19,1,4,3,1,3,1,1,4,2,2323,1,1,24,4,1,2,2,6,3,2,2,2,2,419,43,11,14,34,22
6,0,3,3,14,3,4,4,2,3,1,1,2,2,2756,1,1,13,3,4,1,8,5,3,8,7,1,6,614,64,11,13,33,18
11,0,2,3,8,1,4,4,1,2,4,2,2,3,13577,1,2,15,3,4,1,34,3,3,33,9,15,0,1108,114,24,23,23,43
5,0,1,1,2,1,3,4,1,1,2,5,4,1,5071,3,1,20,4,2,0,8,3,3,6,2,0,0,502,54,52,14,14,6
6,0,2,3,2,3,4,3,2,3,1,8,4,1,2564,0,1,14,3,3,0,12,2,2,11,7,6,7,602,63,81,13,33,11
6,0,1,3,3,4,3,4,2,3,1,1,3,2,2909,1,2,11,3,3,0,8,3,3,8,7,3,0,603,64,11,23,33,8
7,0,2,3,24,4,3,2,2,3,2,8,2,2,5674,7,1,15,3,3,1,11,3,3,9,8,0,8,724,72,82,13,33,19
6,0,3,1,10,4,5,2,1,3,2,5,3,1,5487,1,1,14,3,2,0,10,2,2,10,4,0,9,610,62,52,13,33,10
5,0,3,3,1,3,4,3,2,3,1,1,1,2,3591,1,1,25,4,3,1,3,3,3,3,2,1,2,501,53,11,14,34,13
6,1,3,1,1,3,3,2,1,2,2,5,1,2,9714,1,1,11,3,4,1,10,4,3,10,8,6,7,601,62,52,13,23,20
5,1,3,1,27,3,5,2,2,3,3,5,4,2,7639,1,1,22,4,4,3,10,3,2,10,4,1,9,527,52,53,14,34,40
7,1,3,3,23,3,4,3,1,3,1,1,1,1,3904,0,1,13,3,1,0,6,2,3,5,2,0,3,723,73,11,13,33,5
7,0,3,3,26,4,3,1,1,3,2,2,3,2,5347,6,1,14,3,2,2,10,2,2,3,2,0,2,726,71,22,13,33,23
6,0,2,3,29,4,4,4,2,3,1,8,3,1,4025,9,1,12,3,2,0,10,2,3,8,7,7,7,629,64,81,13,33,8
4,0,3,3,4,3,4,1,1,4,1,1,1,2,2819,2,1,16,3,1,1,5,3,4,3,2,0,2,404,41,11,13,43,13
5,0,3,1,10,3,3,3,1,3,1,3,3,1,2642,1,1,11,3,3,0,1,6,3,1,0,0,0,510,53,31,13,33,1
8,0,3,1,1,3,5,2,1,4,3,5,1,2,8392,1,1,16,3,3,1,10,2,3,10,7,0,7,801,82,53,13,43,20
10,0,3,3,7,4,4,4,2,3,2,1,4,2,6854,4,1,15,3,2,1,14,2,2,7,1,1,7,1007,104,12,13,33,17
7,1,1,3,25,4,3,4,2,3,1,1,2,3,2022,1,2,19,3,1,1,10,3,2,10,2,7,8,725,74,11,23,33,20
5,0,1,3,6,3,3,3,1,2,1,1,3,3,2703,1,2,14,3,4,1,3,2,3,3,1,0,2,506,53,11,23,23,13
6,0,3,1,3,2,3,4,2,1,2,5,4,1,6029,5,1,12,3,1,0,6,3,3,2,2,2,2,603,64,52,13,13,2
6,0,1,3,1,3,3,4,1,1,2,1,1,2,5003,1,1,21,4,2,0,10,6,3,10,8,8,7,601,64,12,14,14,10
6,1,2,1,11,4,6,4,1,4,2,5,3,2,4707,8,1,12,3,4,0,6,2,3,4,2,1,2,611,64,52,13,43,4
8,0,1,3,11,3,2,4,2,3,2,8,3,2,6323,1,1,11,3,1,1,10,2,4,10,9,9,4,811,84,82,13,33,20
5,0,3,3,2,1,3,1,1,2,1,1,2,2,3201,0,1,17,3,1,0,6,2,1,5,3,0,4,502,51,11,13,23,5
4,0,3,3,1,2,3,4,1,2,2,9,4,2,4775,6,1,22,4,1,2,4,2,1,2,2,2,2,401,44,92,14,24,22
5,0,1,3,1,4,4,4,1,3,1,8,3,1,2154,0,2,11,3,3,0,5,2,2,4,2,0,2,501,54,81,23,33,4
5,0,3,1,4,2,3,2,2,2,2,5,4,1,4487,1,2,11,3,2,0,5,3,3,5,4,1,3,504,52,52,23,23,5
7,0,2,3,3,3,3,3,1,2,1,8,3,2,1281,1,1,18,3,3,2,1,3,3,1,0,0,0,703,73,81,13,23,21
6,0,3,1,7,5,5,4,1,3,2,5,4,2,9204,4,1,12,3,3,1,7,3,2,4,3,0,3,607,64,52,13,33,14
7,0,3,3,6,2,6,4,2,2,1,8,3,2,3702,1,1,11,3,2,1,5,3,3,5,4,0,4,706,74,81,13,23,15
5,1,1,1,13,3,2,1,2,3,2,5,2,1,5765,5,1,11,3,1,0,7,4,1,5,3,0,0,513,51,52,13,33,5
5,0,3,1,28,3,3,1,1,2,2,5,3,2,8639,2,1,18,3,4,0,6,3,3,2,2,2,2,528,51,52,13,23,2
5,0,3,3,15,2,3,4,2,2,2,8,3,1,4193,0,2,12,3,4,0,10,3,3,9,5,0,8,515,54,82,23,23,9
6,0,2,3,5,3,4,2,1,3,2,9,1,1,9936,0,1,19,3,2,0,10,2,3,9,4,1,7,605,62,92,13,33,9
8,0,3,3,24,2,2,1,1,3,2,1,4,3,3319,1,1,17,3,1,2,9,3,3,9,8,4,7,824,81,12,13,33,29
10,0,1,3,20,4,3,4,2,3,2,1,3,1,4869,3,1,12,3,4,0,20,4,2,4,3,0,3,1020,104,12,13,33,4
9,0,3,3,2,4,4,1,2,3,4,4,3,2,17169,3,1,19,3,2,2,26,2,4,20,17,5,6,902,91,44,13,33,40
5,0,1,1,8,1,5,3,1,3,2,5,4,2,4342,0,1,19,3,2,1,5,3,3,4,2,1,1,508,53,52,13,33,14
7,0,3,1,1,3,4,1,2,3,2,5,3,1,4859,1,1,16,3,4,0,5,3,3,5,4,0,3,701,71,52,13,33,5
9,0,2,3,1,4,4,1,1,4,4,7,4,1,16885,2,1,22,4,3,0,27,3,2,5,4,2,1,901,91,74,14,44,5
9,0,3,2,26,4,3,4,2,3,5,7,3,2,19658,3,1,11,3,3,1,27,2,3,5,2,1,0,926,94,75,13,33,15
10,0,3,3,6,3,3,1,1,3,5,4,3,1,19537,7,1,13,3,3,0,23,5,3,20,18,15,15,1006,101,45,13,33,20
8,0,2,3,2,4,6,1,2,2,2,2,3,1,6811,2,2,17,3,1,0,10,3,3,8,7,0,7,802,81,22,23,23,8
6,0,3,1,15,2,5,3,1,2,3,5,1,3,7140,2,1,11,3,1,1,12,2,3,7,7,1,7,615,63,53,13,23,17
6,0,3,1,8,2,2,2,1,4,2,5,3,2,6799,1,1,21,4,3,2,10,5,3,10,8,4,8,608,62,52,14,44,30
6,0,3,1,10,3,5,3,1,2,2,5,3,2,6578,1,1,18,3,1,1,10,3,3,10,3,1,4,610,63,52,13,23,20
5,0,2,3,3,3,4,4,1,3,1,1,4,2,1706,1,1,11,3,3,3,0,6,2,0,0,0,0,503,54,11,13,33,30
8,0,3,2,1,3,1,4,1,2,5,7,3,2,19189,1,1,12,3,2,1,22,3,3,22,7,2,10,801,84,75,13,23,32
9,0,3,3,8,2,6,1,2,3,3,8,2,2,7403,4,1,11,3,3,1,29,3,2,26,9,1,7,908,91,83,13,33,36
7,0,3,3,1,3,4,4,2,2,2,8,4,2,5363,0,1,12,3,2,1,10,0,3,9,7,0,0,701,74,82,13,23,19
7,0,3,3,12,5,4,4,2,2,3,9,4,1,8858,0,1,11,3,2,0,15,2,2,14,8,7,8,712,74,93,13,23,14
5,1,3,1,1,3,4,2,2,2,1,3,3,3,2800,6,2,19,3,3,3,5,3,3,3,2,0,2,501,52,31,23,23,33
4,1,1,1,9,3,5,4,2,3,1,3,4,1,2323,1,2,14,3,2,0,2,3,3,2,2,0,2,409,44,31,23,33,2
7,1,3,3,23,2,3,2,1,2,2,9,3,2,5916,3,2,13,3,1,0,8,1,3,1,0,0,1,723,72,92,23,23,1
11,0,3,3,4,4,2,4,2,3,5,7,1,3,19943,4,1,13,3,4,1,28,2,3,5,2,4,2,1104,114,75,13,33,15
7,0,1,3,2,2,3,4,1,3,1,8,4,2,1702,1,2,23,4,3,1,1,3,3,1,0,0,0,702,74,81,24,34,11
7,0,3,3,27,3,4,3,1,3,2,2,3,2,5237,6,1,13,3,2,2,17,3,2,7,7,7,7,727,73,22,13,33,27
5,0,1,3,1,3,3,3,2,3,2,9,2,3,6397,1,1,20,4,1,1,6,6,1,6,5,1,4,501,53,92,14,34,16
10,0,2,3,2,4,3,1,1,3,4,7,1,3,17924,1,1,11,3,4,1,31,3,3,31,6,14,7,1002,101,74,13,33,41
6,1,3,3,9,3,4,1,2,3,1,8,1,1,4200,7,1,22,4,1,0,10,2,4,5,4,0,4,609,61,81,14,34,5
6,0,3,1,1,4,4,2,1,2,1,3,2,2,2269,0,1,14,3,2,1,3,2,3,2,2,2,2,601,62,31,13,23,12
5,0,3,3,1,3,3,1,2,3,1,1,4,3,3760,1,1,15,3,1,3,3,5,3,3,2,1,2,501,51,11,13,33,33
6,0,3,3,6,3,2,1,2,2,2,8,4,2,4627,0,1,12,3,1,1,10,6,3,9,2,6,7,606,61,82,13,23,19
8,0,2,1,28,3,6,3,1,1,3,5,1,3,10932,3,1,15,3,3,1,20,2,3,1,0,0,1,828,83,53,13,13,11
6,0,1,3,1,4,6,4,1,3,1,1,1,3,2996,5,1,14,3,3,2,10,2,3,4,3,1,3,601,64,11,13,33,24
5,0,3,3,3,1,4,2,1,3,1,8,1,1,4723,1,2,18,3,4,0,10,3,3,10,9,1,5,503,52,81,23,33,10
11,0,3,3,1,3,4,4,1,3,5,7,1,1,19045,0,2,14,3,3,0,37,2,3,36,10,4,13,1101,114,75,23,33,36
7,0,3,1,1,4,3,1,2,2,2,5,4,1,8686,4,1,22,4,3,0,12,2,4,8,3,0,7,701,71,52,14,24,8
9,0,2,1,26,2,3,2,1,2,2,5,2,1,7991,8,1,15,3,3,0,6,3,3,2,2,2,2,926,92,52,13,23,2
7,0,3,1,3,4,5,1,2,3,2,5,2,1,9278,3,2,16,3,4,0,15,3,3,5,4,0,1,703,71,52,23,33,5
11,1,3,3,2,3,2,4,1,3,1,1,3,1,2479,4,1,24,4,1,0,7,4,3,1,0,0,0,1102,114,11,14,34,1
8,0,3,3,7,4,4,1,2,2,3,2,4,2,10248,3,1,14,3,4,1,24,4,3,22,6,5,17,807,81,23,13,23,32
8,0,3,1,26,3,5,3,1,3,2,5,1,2,8396,1,1,14,3,2,1,8,3,2,7,7,7,5,826,83,52,13,33,17
6,0,3,3,13,1,3,2,2,3,1,1,4,1,3452,3,1,18,3,1,0,5,4,3,3,2,0,2,613,62,11,13,33,3
5,1,1,3,3,1,2,3,1,3,1,1,1,1,3102,0,1,22,4,3,0,7,2,3,6,4,0,4,503,53,11,14,34,6
9,0,3,3,16,3,4,4,2,3,1,8,1,3,2587,4,2,16,3,2,1,17,2,2,2,2,2,2,916,94,81,23,33,12
7,0,3,2,26,4,3,3,2,3,3,6,4,1,8837,1,2,16,3,3,0,9,2,3,9,0,1,7,726,73,63,23,33,9
5,0,2,3,8,5,3,1,1,1,1,8,3,2,4621,1,1,19,3,4,3,3,4,3,3,2,1,2,508,51,81,13,13,33
5,0,3,3,6,3,6,3,2,2,1,1,2,2,2368,1,1,19,3,3,0,5,3,2,5,4,4,3,506,53,11,13,23,5
9,0,3,3,20,4,4,3,2,3,2,9,1,2,6567,1,1,14,3,3,0,16,2,2,15,11,5,11,920,93,92,13,33,15
9,0,3,3,1,2,2,3,2,2,4,2,3,1,13964,7,2,12,3,4,0,25,2,3,7,1,0,7,901,93,24,23,23,7
9,0,3,3,25,2,3,2,2,2,2,9,4,2,5906,0,1,13,3,4,2,10,2,2,9,8,3,8,925,92,92,13,23,29
5,1,3,3,5,4,2,3,1,3,1,8,3,1,3441,1,2,13,3,3,0,2,3,2,2,2,2,2,505,53,81,23,33,2
5,0,3,3,6,3,3,3,2,3,1,8,4,2,2659,1,2,13,3,3,1,3,2,3,3,2,0,2,506,53,81,23,33,13
8,1,3,3,10,4,3,3,1,3,1,1,3,1,2936,1,2,11,3,3,0,6,4,3,6,4,0,2,810,83,11,23,33,6
8,0,3,3,1,4,3,2,1,3,1,8,2,2,2387,3,1,22,4,3,1,7,3,3,4,2,0,3,801,82,81,14,34,14
5,0,3,1,5,3,6,4,2,2,1,3,3,1,2966,0,1,18,3,4,0,5,2,3,4,2,0,0,505,54,31,13,23,4
6,0,2,3,3,4,3,3,1,2,1,1,4,2,2979,3,1,17,3,4,3,6,2,3,0,0,0,0,603,63,11,13,23,30
6,0,1,3,2,2,3,4,1,3,2,9,3,1,4033,2,1,11,3,4,0,5,3,2,3,2,0,2,602,64,92,13,33,3
7,0,3,3,27,4,3,4,1,3,2,9,3,2,6883,2,1,16,3,2,1,17,3,3,7,7,0,7,727,74,92,13,33,17
8,0,3,3,6,3,4,1,2,2,2,1,3,1,4081,1,2,14,3,1,0,20,3,1,20,7,1,8,806,81,12,23,23,20
6,0,3,3,2,3,3,3,1,2,2,2,4,2,4152,1,1,19,3,1,3,11,3,3,11,10,10,8,602,63,22,13,23,41
8,0,3,3,1,4,3,2,1,4,2,2,1,2,5033,2,1,15,3,4,1,10,5,3,2,0,2,2,801,82,22,13,43,12
8,0,3,3,12,3,4,2,1,3,1,8,2,3,2766,8,1,22,4,2,3,7,6,2,5,3,0,4,812,82,81,14,34,35
6,0,2,3,3,3,3,3,1,3,1,8,4,2,2097,4,1,15,3,3,1,9,3,1,5,3,1,4,603,63,81,13,33,15
6,0,2,1,22,4,6,3,2,3,3,5,1,2,8412,0,1,11,3,3,0,10,3,3,9,8,7,8,622,63,53,13,33,9
7,0,1,3,10,1,4,3,1,3,1,1,3,2,2684,0,1,17,3,2,1,3,0,2,2,1,0,2,710,73,11,13,33,12
6,1,1,1,1,4,3,2,2,1,1,3,3,1,1359,1,1,12,3,2,0,1,3,3,1,0,0,0,601,62,31,13,13,1
10,0,3,1,2,4,3,3,2,2,3,5,3,2,10686,6,1,11,3,2,1,13,4,3,9,4,7,0,1002,103,53,13,23,19
9,0,3,3,15,4,6,3,2,3,1,1,1,2,2367,8,1,12,3,4,1,10,3,2,8,2,7,6,915,93,11,13,33,18
6,0,3,2,8,2,4,4,2,4,1,6,2,1,2109,9,1,18,3,4,0,8,3,3,3,2,0,2,608,64,61,13,43,3
7,0,3,1,15,4,5,2,1,3,4,5,1,1,13341,0,1,12,3,1,0,21,3,3,20,8,11,10,715,72,54,13,33,20
5,0,3,1,8,3,3,4,1,4,2,5,2,2,4851,0,1,22,4,3,1,4,4,3,3,2,1,2,508,54,52,14,44,13
6,0,3,1,1,4,5,2,1,4,2,5,4,3,9725,0,1,11,3,4,1,16,2,2,15,1,0,9,601,62,52,13,43,25
5,1,3,1,2,1,5,3,1,3,1,3,1,3,3041,0,1,11,3,2,1,5,3,3,4,3,0,2,502,53,31,13,33,14
9,0,3,3,20,3,4,2,1,1,3,2,1,3,10851,2,2,18,3,2,1,24,2,3,7,7,0,7,920,92,23,23,13,17
5,0,2,3,9,3,4,4,1,3,1,1,2,3,2024,6,1,18,3,4,1,6,1,1,2,2,2,2,509,54,11,13,33,12
9,0,3,3,2,2,3,4,1,3,3,9,4,3,8578,3,1,14,3,3,1,12,4,2,9,8,4,7,902,94,93,13,33,19
5,1,3,2,20,2,4,4,2,3,1,6,2,2,2148,0,2,11,3,3,0,6,3,3,5,1,1,4,520,54,61,23,33,5
7,0,3,1,1,3,5,2,1,3,2,5,3,2,4717,9,1,11,3,3,0,15,2,3,11,9,6,9,701,72,52,13,33,11
7,0,3,2,13,3,1,3,1,3,1,6,2,2,2143,4,1,13,3,2,1,8,2,3,5,2,0,4,713,73,61,13,33,15
8,0,2,3,7,3,4,4,1,4,1,1,4,3,2089,4,1,14,3,4,3,7,3,4,5,4,2,2,807,84,11,13,43,35
6,1,3,3,2,4,3,4,1,3,1,8,2,1,1393,1,1,12,3,1,0,1,2,3,1,0,0,0,602,64,81,13,33,1
6,1,3,3,25,3,4,1,1,2,1,1,2,1,2313,4,2,20,4,2,0,5,0,3,2,2,2,2,625,61,11,24,24,2
5,0,1,1,1,3,4,3,1,2,2,5,1,1,4294,1,1,12,3,2,0,7,2,3,7,7,0,7,501,53,52,13,23,7
9,0,1,3,25,3,4,2,2,3,5,7,2,1,18061,3,1,22,4,3,0,22,4,3,0,0,0,0,925,92,75,14,34,0
7,0,3,3,4,2,6,3,1,3,1,8,4,3,1951,1,1,12,3,3,1,1,3,3,1,0,0,0,704,73,81,13,33,11
6,0,3,3,8,2,4,3,2,4,2,1,3,2,5175,5,1,12,3,3,1,9,3,2,5,3,1,3,608,63,12,13,43,15
6,0,2,3,10,3,4,3,2,3,3,4,3,2,11031,4,1,20,4,3,1,13,2,4,11,7,4,8,610,63,43,14,34,21
7,0,3,3,8,3,2,3,2,3,3,2,3,3,10096,1,1,13,3,2,3,17,2,3,17,14,12,8,708,73,23,13,33,47
11,1,3,3,2,3,4,4,1,3,5,7,1,2,19859,5,2,13,3,4,1,24,2,3,5,2,1,4,1102,114,75,23,33,15
5,0,3,3,1,3,3,1,1,3,2,2,1,2,5373,0,1,12,3,1,1,6,5,2,5,3,0,2,501,51,22,13,33,15
7,0,3,3,24,1,3,1,1,3,2,1,4,1,4108,7,1,13,3,1,0,18,2,3,7,7,1,7,724,71,12,13,33,7
6,0,3,1,10,4,3,3,2,3,1,3,3,2,2220,1,2,19,3,4,1,1,2,3,1,1,0,0,610,63,31,23,33,11
9,0,3,3,1,3,3,3,1,3,4,7,3,1,15379,4,1,14,3,1,0,23,2,3,8,7,0,0,901,93,74,13,33,8
7,0,1,3,11,3,3,2,1,2,2,9,2,1,6499,1,1,13,3,3,0,6,3,3,6,5,0,3,711,72,92,13,23,6
5,1,3,1,5,3,5,3,1,2,2,5,3,1,5744,1,2,11,3,4,0,6,1,3,6,4,0,3,505,53,52,23,23,6
7,0,3,3,7,3,6,3,1,3,3,9,3,1,10221,3,1,21,4,2,0,17,3,4,8,5,1,6,707,73,93,14,34,8
5,0,3,3,8,2,3,4,2,3,1,1,4,1,3310,1,1,21,4,4,0,5,3,3,5,3,0,2,508,54,11,14,34,5
5,0,2,3,1,3,3,3,2,1,2,8,4,2,6674,0,1,11,3,1,3,10,6,3,9,8,7,5,501,53,82,13,13,39
7,0,3,2,8,2,6,3,1,3,2,6,2,3,4071,2,1,13,3,3,0,19,4,2,10,0,4,7,708,73,62,13,33,10
7,0,2,3,9,4,3,1,1,4,1,8,2,2,2810,1,1,22,4,2,0,5,3,3,5,4,0,2,709,71,81,14,44,5
6,0,3,1,2,1,3,2,1,3,2,5,4,1,6582,4,2,13,3,3,0,10,2,4,6,5,0,5,602,62,52,23,33,6
7,0,3,3,16,2,6,4,2,2,2,9,2,2,4788,0,2,11,3,4,0,4,2,3,3,2,0,2,716,74,92,23,23,3
6,1,1,3,4,3,2,3,1,3,1,1,4,1,2285,9,2,23,4,3,0,3,4,3,1,0,0,0,604,63,11,24,34,1
6,0,3,3,9,3,4,4,2,2,3,2,2,1,8621,1,1,14,3,2,0,9,3,4,8,7,7,7,609,64,23,13,23,8
7,0,1,3,29,5,3,4,2,3,2,8,4,1,2406,1,1,11,3,4,0,10,2,3,10,3,9,9,729,74,82,13,33,10
7,0,3,3,2,3,3,4,1,3,1,1,4,1,3944,5,2,11,3,3,0,6,3,3,3,2,1,2,702,74,11,23,33,3
7,0,3,3,4,4,3,1,1,2,2,8,4,1,5810,1,1,16,3,3,0,10,2,2,10,4,1,8,704,71,82,13,23,10
4,1,3,3,8,1,4,4,1,2,1,8,3,1,3989,1,2,11,3,1,0,5,2,3,5,4,1,2,408,44,81,23,23,5
5,0,3,3,4,3,3,2,1,4,2,9,2,2,6142,1,2,20,4,2,1,6,0,3,6,2,0,3,504,52,92,24,44,16
7,0,3,3,22,3,3,4,1,1,1,8,3,1,4230,0,1,15,3,3,0,6,2,3,5,4,4,3,722,74,81,13,13,5
7,0,3,3,9,2,3,2,1,3,1,1,4,3,4771,2,1,19,3,4,2,10,0,4,5,2,0,3,709,72,11,13,33,25
6,0,3,3,3,2,3,3,2,3,3,4,4,1,11159,3,1,15,3,4,0,10,6,3,7,7,7,7,603,63,43,13,33,7
4,0,3,3,9,1,4,2,1,3,1,8,1,2,2500,1,1,14,3,4,1,5,2,4,4,3,0,2,409,42,81,13,33,14
6,0,3,1,13,4,3,2,1,3,2,5,4,3,4403,2,1,11,3,3,1,8,3,2,5,2,0,3,613,62,52,13,33,15
11,0,1,3,2,1,3,4,1,3,3,9,2,2,10976,3,1,18,3,2,1,23,4,3,3,2,1,2,1102,114,93,13,33,13
9,0,3,3,2,3,3,1,1,3,4,4,3,2,17861,6,1,13,3,3,0,26,2,1,3,2,0,1,902,91,44,13,33,3
12,0,1,1,28,3,5,3,2,2,3,5,1,2,10266,4,1,19,3,4,0,22,5,4,18,13,13,11,1228,123,53,13,23,18
5,1,3,1,9,3,5,2,2,1,1,3,2,1,2760,1,1,13,3,3,0,2,3,3,2,2,2,2,509,52,31,13,13,2
9,0,3,3,1,3,2,3,2,3,1,1,1,2,3580,2,1,16,3,2,1,7,2,3,4,2,0,2,901,93,11,13,33,14
8,1,1,1,12,3,3,3,1,3,4,5,1,1,13758,0,2,12,3,2,0,22,2,2,21,9,13,14,812,83,54,23,33,21
7,0,1,1,1,3,5,3,2,3,3,5,3,1,8789,1,1,14,3,1,0,10,3,4,10,7,0,8,701,73,53,13,33,10
7,0,3,3,6,3,4,3,1,4,2,1,1,3,5974,4,2,13,3,1,2,13,2,3,7,7,6,7,706,73,12,23,43,27
10,0,3,3,24,4,4,2,1,4,3,2,4,2,7005,3,1,15,3,3,0,11,2,3,4,3,1,2,1024,102,23,13,43,4
7,0,3,3,10,3,4,2,2,3,1,1,2,2,3936,1,1,11,3,1,1,8,2,1,8,4,7,7,710,72,11,13,33,18
10,0,1,3,22,5,4,3,1,1,4,4,4,1,14411,1,2,13,3,4,0,32,2,3,32,6,13,9,1022,103,44,23,13,32
10,0,3,3,2,4,2,1,2,3,3,4,3,2,13549,9,1,12,3,1,1,16,5,1,4,3,0,3,1002,101,43,13,33,14
10,0,1,2,3,3,4,1,1,3,5,7,2,2,18200,1,1,11,3,3,1,32,2,3,32,5,10,7,1003,101,75,13,33,42
9,0,3,3,4,3,3,4,1,3,3,9,4,1,7898,1,1,11,3,3,0,11,2,3,10,9,0,8,904,94,93,13,33,10
5,0,3,1,3,2,4,2,2,3,2,5,3,2,5561,1,1,14,3,1,1,6,5,2,6,0,1,2,503,52,52,13,33,16
10,0,3,2,5,3,3,3,1,3,4,7,2,3,14026,1,2,11,3,2,1,33,2,3,33,9,0,10,1005,103,74,23,33,43
6,1,1,3,5,2,3,1,2,4,1,1,3,1,2432,3,2,14,3,1,0,8,2,3,4,1,0,3,605,61,11,23,43,4
8,1,3,3,2,4,3,2,2,1,1,8,4,3,2778,4,2,13,3,3,1,10,1,2,7,7,1,0,802,82,81,23,13,17
10,0,3,1,3,3,5,4,2,3,2,5,1,2,5940,2,1,14,3,4,1,16,4,3,6,2,0,5,1003,104,52,13,33,16
4,0,3,3,17,2,6,4,1,2,1,8,2,2,2127,1,1,21,4,4,1,1,2,3,1,0,0,0,417,44,81,14,24,11
6,0,3,1,16,1,3,4,1,3,2,5,3,2,5301,8,1,15,3,3,2,4,2,2,2,1,2,2,616,64,52,13,33,22
5,0,2,3,5,2,3,2,1,4,2,2,1,3,4000,1,1,12,3,4,2,6,2,3,6,3,1,5,505,52,22,13,43,26
10,0,3,3,1,3,4,3,1,2,1,8,3,2,3690,2,1,15,3,4,1,5,2,2,3,2,0,2,1001,103,81,13,23,13
6,0,1,3,13,3,6,3,2,2,1,8,2,2,2743,1,1,20,4,3,1,2,2,3,2,2,2,2,613,63,81,14,24,12
8,0,1,3,22,3,3,4,2,3,2,1,4,3,5467,3,2,14,3,1,2,12,4,2,6,2,3,3,822,84,12,23,33,26
6,0,1,1,9,2,4,4,1,1,2,5,4,3,4668,0,1,17,3,4,3,9,2,4,8,7,0,7,609,64,52,13,13,38
6,0,3,1,4,3,3,3,1,3,3,5,4,2,9713,2,2,13,3,4,3,9,3,3,5,3,1,0,604,63,53,23,33,35
6,0,3,3,1,4,3,2,1,3,2,1,4,2,5484,9,1,17,3,2,1,9,3,2,2,2,2,1,601,62,12,13,33,12
6,0,2,3,9,2,4,3,2,3,2,9,3,1,4695,7,2,18,3,3,0,10,3,3,8,4,1,7,609,63,92,23,33,8
10,0,3,3,2,4,4,2,1,3,5,4,3,2,19237,2,2,11,3,4,1,29,2,2,8,1,7,7,1002,102,45,23,33,18
8,0,3,3,6,4,6,2,1,2,4,4,4,3,16627,4,2,14,3,3,1,21,3,2,1,0,0,0,806,82,44,23,23,11
5,0,3,3,3,3,3,1,2,3,1,1,4,2,2061,1,1,21,4,1,0,1,5,3,1,0,0,0,503,51,11,14,34,1
10,1,3,3,8,4,4,3,1,2,2,1,2,2,4941,2,1,15,3,1,0,11,3,2,8,2,7,7,1008,103,12,13,23,8
8,0,3,3,4,2,3,3,1,4,5,7,1,3,19190,1,1,14,3,4,2,26,4,2,25,9,14,13,804,83,75,13,43,45
10,0,3,1,8,3,5,1,1,3,4,5,4,2,11836,5,1,14,3,3,1,28,3,3,2,0,2,2,1008,101,54,13,33,12
10,0,3,3,11,3,3,3,2,3,5,7,2,1,19926,3,1,15,3,2,0,21,5,3,5,4,4,4,1011,103,75,13,33,5
9,0,3,3,10,3,3,4,1,2,5,4,2,2,19665,4,1,12,3,4,0,29,3,3,22,10,12,9,910,94,45,13,23,22
6,0,3,3,5,4,3,3,2,2,1,1,4,2,2911,1,1,13,3,3,1,2,2,2,2,2,0,2,605,63,11,13,23,12
10,0,3,3,11,4,3,4,2,3,2,8,3,2,3149,8,1,20,4,2,1,9,3,3,5,2,1,4,1011,104,82,14,34,15
9,0,3,1,2,4,5,2,2,3,5,7,1,1,18947,3,1,12,3,4,0,22,2,2,2,2,2,1,902,92,75,13,33,2
6,0,1,3,10,4,3,3,1,4,2,9,4,3,4724,1,1,13,3,1,1,9,3,3,9,7,7,2,610,63,92,13,43,19
6,1,1,3,29,4,4,1,2,2,2,1,3,1,4508,1,1,22,4,2,0,14,4,3,13,7,3,8,629,61,12,14,24,13
5,0,1,3,2,3,3,4,1,2,1,8,4,2,3867,1,2,12,3,2,1,2,2,3,2,2,2,2,502,54,81,23,23,12
8,0,3,3,7,2,2,2,2,4,1,1,3,2,3376,1,1,13,3,3,0,10,3,3,10,6,0,8,807,82,11,13,43,10
8,0,1,1,2,4,3,1,1,3,2,5,4,2,5675,1,1,20,4,3,1,7,5,3,7,7,7,7,802,81,52,14,34,17
7,0,3,3,1,3,4,4,1,2,1,8,1,1,2450,1,1,19,3,2,0,3,3,3,3,0,1,2,701,74,81,13,23,3
6,0,2,1,2,4,3,4,2,3,3,5,3,3,9852,1,2,19,3,1,1,10,5,2,10,8,9,6,602,64,53,23,33,20
7,0,1,3,2,3,4,4,2,2,1,8,2,1,2440,1,1,22,4,2,0,4,3,3,4,3,3,3,702,74,81,14,24,4
6,0,3,3,1,3,3,2,2,2,2,2,4,1,6949,0,1,14,3,1,0,6,3,3,5,0,1,4,601,62,22,13,23,5
8,0,1,3,2,1,4,2,1,3,3,9,3,1,10209,5,2,18,3,2,0,16,2,2,2,2,2,2,802,82,93,23,33,2
4,0,2,3,11,2,6,1,2,4,2,9,3,3,4011,0,1,18,3,4,1,5,5,2,4,2,1,3,411,41,92,13,43,14
8,1,3,1,20,2,5,2,2,3,1,3,2,1,3140,1,2,22,4,4,0,4,5,2,4,3,0,2,820,82,31,24,34,4
8,0,1,1,1,3,5,3,2,3,2,5,1,3,4103,0,1,17,3,4,1,10,2,3,9,3,1,7,801,83,52,13,33,19
9,0,1,1,3,3,4,4,2,3,4,5,3,3,13770,9,2,12,3,4,2,28,2,2,22,2,11,13,903,94,54,23,33,42
6,0,1,3,19,3,4,3,2,3,2,8,2,3,4444,4,1,13,3,3,2,15,2,4,11,8,5,10,619,63,82,13,33,31
8,0,3,3,3,3,3,3,2,4,2,8,4,2,5231,2,2,13,3,2,1,17,1,2,5,3,1,3,803,83,82,23,43,15
7,0,2,3,1,4,4,1,2,3,3,4,4,3,13603,2,2,18,3,1,2,15,2,3,5,2,0,2,701,71,43,23,33,25
7,0,1,3,4,2,3,4,2,3,2,9,2,3,5131,7,1,13,3,2,3,18,3,3,4,2,0,2,704,74,92,13,33,34
8,0,3,3,11,3,3,1,1,3,3,2,3,2,7510,1,1,17,3,2,1,10,1,3,10,9,0,9,811,81,23,13,33,20
6,0,1,1,25,3,4,2,2,3,2,5,3,2,4539,1,1,12,3,1,1,10,3,2,10,7,0,1,625,62,52,13,33,20
6,1,3,1,16,4,5,1,1,3,3,5,3,2,8161,2,1,13,3,1,3,10,2,3,1,0,0,0,616,61,53,13,33,31
6,0,3,3,2,1,4,4,2,1,1,8,4,3,1129,1,2,11,3,3,3,1,4,3,1,0,0,0,602,64,81,23,13,31
11,1,3,1,13,4,5,1,1,4,4,5,3,1,13695,6,2,17,3,3,0,24,2,2,19,7,3,8,1113,111,54,23,43,19
6,0,3,3,29,4,3,3,2,2,1,8,2,1,2837,1,1,13,3,3,0,6,3,3,6,2,4,1,629,63,81,13,23,6
7,1,3,2,6,4,1,3,1,3,1,6,1,3,2073,4,2,22,4,4,0,7,3,3,3,2,0,2,706,73,61,24,34,3
6,0,3,2,9,3,1,3,1,3,2,6,4,2,6347,0,2,19,3,4,0,12,2,1,11,9,4,7,609,63,62,23,33,11
4,0,2,1,13,2,3,4,2,3,1,3,2,2,2033,1,1,13,3,3,1,1,2,3,1,0,0,0,413,44,31,13,33,11
5,0,1,3,1,2,3,1,2,1,1,8,4,3,4364,3,1,14,3,1,1,5,2,3,2,2,2,0,501,51,81,13,13,12
6,1,3,3,6,1,4,2,1,3,1,1,1,1,2960,2,1,11,3,3,0,8,2,3,4,2,1,3,606,62,11,13,33,4
4,0,3,3,4,1,4,3,2,3,1,8,2,1,3295,1,1,13,3,3,0,3,3,1,3,2,1,2,404,43,81,13,33,3
6,0,3,1,8,4,5,3,1,3,2,5,3,3,7104,0,1,12,3,4,0,6,3,3,5,0,1,2,608,63,52,13,33,5
6,0,1,1,2,4,5,3,2,3,1,3,3,2,2231,6,1,18,3,4,1,6,3,3,4,3,1,2,602,63,31,13,33,14
10,0,3,3,3,3,2,1,2,3,3,7,3,2,13116,2,1,11,3,4,0,15,2,3,2,2,2,2,1003,101,73,13,33,2
11,0,3,3,3,3,4,3,2,4,1,8,1,2,2670,4,2,20,4,1,3,12,3,2,1,0,0,0,1103,113,81,24,44,31
6,0,3,3,8,5,3,1,2,3,4,4,2,1,16422,3,1,11,3,3,0,9,3,4,3,2,1,0,608,61,44,13,33,3
5,0,3,1,29,2,4,1,1,3,2,5,3,3,4306,5,1,12,3,1,2,8,5,3,0,0,0,0,529,51,52,13,33,20
6,0,3,1,19,3,3,4,1,1,3,5,3,2,9610,3,1,13,3,3,1,10,2,1,4,3,0,2,619,64,53,13,13,14
5,0,3,3,19,3,6,4,1,2,1,8,1,3,4066,1,1,11,3,1,2,7,3,3,7,7,0,7,519,54,81,13,23,27
8,0,1,3,26,2,4,3,2,2,2,1,4,2,4422,3,2,13,3,4,1,16,3,1,1,1,0,0,826,83,12,23,23,11
9,0,3,3,8,4,3,4,2,2,2,1,1,3,4615,8,2,23,4,1,3,19,2,3,16,13,1,7,908,94,12,24,24,46
10,0,3,3,5,3,6,3,2,3,5,7,3,3,19094,4,1,11,3,4,1,26,3,2,14,13,4,8,1005,103,75,13,33,24
7,0,3,3,25,4,4,3,2,3,3,2,3,3,10388,1,2,11,3,3,1,16,3,2,16,10,10,1,725,73,23,23,33,26
6,0,3,1,28,3,5,4,2,2,2,5,3,2,6712,1,1,21,4,4,2,8,2,3,8,7,1,7,628,64,52,14,24,28
7,0,3,3,18,2,3,1,1,3,2,9,3,1,4534,0,1,11,3,1,0,9,6,3,8,7,1,7,718,71,92,13,33,8
7,1,3,3,9,3,4,4,1,2,1,1,3,2,3388,0,2,17,3,1,1,2,0,2,1,0,0,0,709,74,11,23,23,11
5,0,3,1,10,3,4,3,1,2,2,5,3,1,5869,9,1,11,3,3,0,8,2,3,5,2,1,4,510,53,52,13,23,5
7,0,3,3,6,2,4,2,1,3,2,9,2,3,4941,6,1,20,4,4,2,7,0,3,3,2,0,1,706,72,92,14,34,23
5,0,3,3,4,3,3,2,2,3,1,1,3,1,2318,1,1,19,3,3,0,1,2,3,1,1,0,0,504,52,11,13,33,1
7,0,3,3,28,3,3,2,1,4,2,8,3,2,3407,1,1,17,3,4,2,10,3,2,10,9,6,8,728,72,82,13,43,30
6,0,3,3,7,4,3,3,1,3,2,8,3,3,3491,1,1,13,3,1,3,10,4,2,10,7,8,9,607,63,82,13,33,40
9,1,3,1,2,3,5,1,2,1,5,7,2,1,18824,2,2,16,3,1,0,26,2,3,24,10,1,11,902,91,75,23,13,24
5,1,3,3,12,1,3,3,2,3,1,8,4,2,2515,1,2,11,3,4,0,1,4,2,1,1,0,0,512,53,81,23,33,1
6,0,3,3,2,4,3,4,1,2,1,1,3,3,2768,3,1,12,3,3,1,14,3,3,7,3,5,7,602,64,11,13,23,17
9,0,3,1,20,3,3,4,2,3,2,5,3,1,4850,8,1,15,3,3,0,8,3,3,5,3,0,1,920,94,52,13,33,5
10,0,1,3,1,4,4,1,2,2,3,2,1,1,7484,3,1,20,4,3,0,23,1,2,13,12,12,8,1001,101,23,14,24,13
9,1,3,3,21,2,4,4,2,3,2,2,2,2,8926,4,1,22,4,4,1,13,2,4,9,7,3,7,921,94,22,14,34,19
8,0,1,3,2,3,3,4,1,3,3,2,4,2,10124,2,2,14,3,3,1,24,3,1,20,8,13,9,802,84,23,23,33,30
6,1,1,3,20,3,3,1,1,3,3,2,3,2,9824,3,1,12,3,1,0,12,2,3,1,0,0,0,620,61,23,13,33,1
9,0,3,3,2,4,2,4,1,3,2,9,4,3,7379,2,1,11,3,3,1,12,3,2,6,3,1,4,902,94,92,13,33,16
8,0,3,3,4,1,4,4,2,3,5,7,3,2,19033,1,1,14,3,2,1,21,2,3,20,8,9,9,804,84,75,13,33,30
7,0,3,3,3,3,2,3,1,3,2,1,2,1,4485,4,1,12,3,4,0,10,2,3,8,0,7,7,703,73,12,13,33,8
10,0,3,3,29,4,3,2,1,2,4,7,3,2,17046,0,1,15,3,2,1,28,2,3,27,10,15,7,1029,102,74,13,23,37
6,0,2,3,7,3,2,3,1,3,1,1,3,3,1274,1,1,13,3,2,2,1,2,2,1,0,0,0,607,63,11,13,33,21
6,0,3,3,5,2,4,2,1,2,2,8,4,2,3986,1,1,14,3,3,1,15,3,4,15,10,4,13,605,62,82,13,23,25
10,0,3,3,10,3,4,3,2,3,2,9,1,1,4440,6,2,19,3,4,0,9,3,3,5,2,1,4,1010,103,92,23,33,5
11,0,3,1,29,3,5,1,1,2,4,7,4,3,14118,3,1,12,3,3,1,32,3,2,1,0,0,0,1129,111,74,13,23,11
6,0,2,1,16,3,3,3,2,3,2,5,4,3,5368,1,2,25,4,3,1,7,2,3,6,5,1,2,616,63,52,24,34,16
10,0,1,3,6,2,4,2,2,2,1,8,3,1,2838,0,1,14,3,2,0,8,6,2,7,0,7,7,1006,102,81,13,23,7
8,0,3,3,14,3,3,1,1,3,1,1,3,3,2451,4,1,12,3,1,1,13,2,3,9,8,1,8,814,81,11,13,33,19
4,1,3,3,10,3,3,3,2,2,1,8,1,1,1416,1,1,13,3,1,0,1,6,2,1,0,1,0,410,43,81,13,23,1
10,0,3,3,17,5,3,4,2,2,3,4,1,3,13269,5,1,15,3,3,3,19,3,3,14,11,1,11,1017,104,43,13,23,44
4,1,1,1,1,1,2,1,2,2,1,3,2,1,2174,1,2,11,3,3,0,3,3,3,3,2,1,2,401,41,31,23,23,3
6,0,3,3,15,2,4,2,2,3,2,2,4,2,4878,0,2,13,3,1,1,10,6,3,9,7,8,1,615,62,22,23,33,19
7,0,3,1,3,4,3,2,1,3,2,5,4,1,6861,8,2,12,3,3,0,19,1,3,1,0,0,0,703,72,52,23,33,1
9,0,3,3,20,2,4,3,1,3,4,2,4,2,13496,0,2,14,3,2,0,21,2,3,20,7,4,10,920,93,24,23,33,20
9,0,3,3,25,3,4,1,1,3,3,2,3,1,8633,2,1,23,4,2,0,25,3,3,17,14,12,11,925,91,23,14,34,17
9,0,2,3,2,2,4,1,1,2,4,7,4,2,16792,9,1,23,4,4,1,22,1,3,20,8,11,8,902,91,74,14,24,30
8,0,3,3,1,4,3,1,1,3,1,8,4,2,2406,8,1,19,3,3,2,8,3,2,1,0,0,0,801,81,81,13,33,21
8,0,3,1,23,2,3,4,1,3,3,5,3,1,7082,3,2,16,3,4,0,21,2,3,2,0,0,2,823,84,53,23,33,2
10,0,1,1,2,3,5,3,2,2,3,5,2,2,7525,2,1,12,3,1,1,30,2,3,15,7,6,12,1002,103,53,13,23,25
10,0,3,3,2,3,4,3,1,3,4,4,3,2,17639,5,1,16,3,4,0,30,3,3,4,3,0,3,1002,103,44,13,33,4
7,0,3,2,2,3,3,4,2,2,2,6,4,2,5204,8,1,11,3,3,2,13,2,3,5,4,0,4,702,74,62,13,23,25
6,0,3,3,16,1,3,2,1,3,1,1,4,2,2862,1,1,12,3,2,1,10,2,2,10,0,0,8,616,62,11,13,33,20
5,0,3,3,29,1,3,3,1,1,2,9,2,2,6549,1,1,14,3,2,2,8,2,2,8,6,1,7,529,53,92,13,13,28
8,0,3,3,10,4,3,4,2,4,1,8,3,2,2213,3,2,13,3,3,1,10,3,3,7,7,1,7,810,84,81,23,43,17
6,0,3,1,7,1,5,4,1,3,1,3,2,1,2983,0,1,14,3,1,0,4,3,3,3,2,1,2,607,64,31,13,33,3
7,0,2,3,2,4,3,4,2,3,2,2,1,3,5093,2,1,11,3,1,1,16,2,4,1,0,0,0,702,74,22,13,33,11
8,0,3,3,20,3,3,4,1,3,1,1,2,1,3420,1,1,13,3,3,0,6,3,2,5,2,1,3,820,84,11,13,33,5
7,0,1,1,18,5,3,2,1,3,3,5,1,2,9069,1,1,22,4,4,1,9,3,2,9,8,1,8,718,72,53,14,34,19
5,0,3,1,3,1,6,3,1,3,2,5,1,2,4194,1,2,18,3,4,0,5,3,3,5,3,0,3,503,53,52,23,33,5
7,0,3,3,1,3,3,4,2,2,2,9,4,2,6474,1,1,13,3,2,1,14,2,2,14,8,3,11,701,74,92,13,23,24
10,0,3,3,1,2,3,4,1,3,4,7,4,2,17099,2,1,15,3,2,1,26,2,2,9,8,7,8,1001,104,74,13,33,19
6,0,3,3,20,3,2,3,2,4,1,1,3,2,2585,0,1,17,3,4,0,2,5,2,1,0,0,0,620,63,11,13,43,1
7,0,3,3,1,3,3,3,2,3,3,9,3,1,7861,4,2,14,3,4,0,10,4,4,1,0,0,0,701,73,93,23,33,1
4,0,3,3,8,1,3,2,1,1,1,8,1,2,2451,1,1,15,3,1,1,4,3,2,4,3,1,1,408,42,81,13,13,14
8,0,3,3,14,3,4,3,1,2,5,4,3,1,19626,1,1,14,3,1,0,21,2,4,20,7,4,9,814,83,45,13,23,20
7,0,2,1,10,4,4,2,1,3,3,5,4,1,9980,1,1,14,3,4,0,10,3,2,10,3,9,7,710,72,53,13,33,10
7,0,3,3,13,4,4,3,2,2,4,7,2,3,17123,6,2,13,3,4,2,21,4,3,19,9,15,2,713,73,74,23,23,39
5,0,1,3,1,1,4,1,2,2,1,1,3,3,2007,1,1,13,3,3,2,5,5,3,5,3,1,3,501,51,11,13,23,25
5,0,3,1,8,2,6,1,2,3,2,5,3,3,4907,0,2,22,4,2,1,6,3,2,5,3,0,4,508,51,52,24,34,15
7,0,2,1,8,4,2,1,1,3,2,5,4,3,5079,4,1,13,3,4,2,12,3,3,7,7,0,7,708,71,52,13,33,27
7,0,3,1,7,4,5,4,2,2,2,5,4,1,4028,0,1,20,4,1,0,8,2,3,7,7,0,5,707,74,52,14,24,7
8,0,1,1,1,5,5,1,2,3,2,5,3,2,4768,7,1,12,3,3,1,11,4,2,1,0,0,0,801,81,52,13,33,11
6,0,1,3,1,1,3,3,2,3,2,9,1,2,4148,1,1,12,3,3,1,4,1,3,4,3,0,3,601,63,92,13,33,14
6,1,3,1,13,4,4,2,1,3,2,5,1,3,4233,2,1,17,3,3,0,9,2,1,3,1,1,2,613,62,52,13,33,3
5,0,1,1,3,1,4,4,2,4,2,5,4,3,4647,1,2,20,4,2,2,6,3,3,6,5,0,4,503,54,52,24,44,26
11,0,3,3,7,3,3,4,1,1,3,9,4,1,7260,4,1,11,3,1,0,37,3,2,6,4,0,2,1107,114,93,13,13,6
11,0,1,3,18,4,4,3,1,3,2,2,2,2,6385,3,2,14,3,4,2,17,3,3,8,7,6,7,1118,113,22,23,33,28
7,0,2,3,25,2,3,3,1,3,3,2,3,2,10920,3,1,21,4,2,1,13,2,3,6,4,0,5,725,73,23,14,34,16
7,0,3,3,4,1,3,3,1,3,1,1,3,2,2996,7,2,15,3,4,0,8,2,3,6,4,1,3,704,73,11,23,33,6
7,0,3,3,9,2,4,2,1,2,2,9,2,3,8847,2,2,11,3,3,1,13,2,3,3,2,0,2,709,72,92,23,23,13
7,0,3,3,11,3,4,1,2,3,1,8,3,1,3629,4,1,18,3,1,0,8,6,3,3,2,0,2,711,71,81,13,33,3
6,0,3,1,1,3,2,4,1,2,3,5,3,2,7083,1,2,14,3,4,0,10,3,3,10,9,8,6,601,64,53,23,23,10
8,0,3,3,6,3,3,2,2,3,4,9,3,1,13237,7,1,15,3,3,0,22,3,3,20,6,5,13,806,82,94,13,33,20
7,0,1,2,10,4,1,3,1,3,2,6,3,2,6077,3,1,11,3,3,0,10,2,3,6,3,1,2,710,73,62,13,33,6
6,0,3,3,3,3,3,4,2,3,2,1,2,3,5433,1,1,12,3,3,1,11,2,3,11,8,7,9,603,64,12,13,33,21
11,0,1,1,1,1,3,1,2,2,2,5,3,1,5473,7,1,11,3,4,0,20,2,2,4,3,1,3,1101,111,52,13,23,4
7,0,1,3,4,4,6,4,1,2,1,8,4,2,2376,1,1,13,3,2,1,2,2,4,2,2,2,2,704,74,81,13,23,12
7,1,3,1,3,2,4,4,2,3,2,5,3,2,5238,4,2,18,3,1,0,12,3,2,1,0,0,0,703,74,52,23,33,1
5,0,3,3,16,2,4,2,1,4,2,2,1,1,5661,0,1,19,3,3,0,9,2,3,8,3,0,7,516,52,22,13,43,8
5,0,3,1,13,1,4,2,1,3,1,3,3,2,2096,1,1,11,3,3,0,7,1,3,7,4,0,6,513,52,31,13,33,7
5,0,3,3,9,4,4,4,2,3,1,8,3,2,2974,9,1,17,3,3,1,9,2,3,5,3,1,2,509,54,81,13,33,15
9,0,2,3,23,2,3,4,1,3,2,8,1,2,3633,1,2,15,3,3,1,9,2,3,9,8,0,8,923,94,82,23,33,19
7,0,3,3,10,2,3,4,1,4,1,1,4,1,4680,3,1,17,3,1,0,4,2,3,1,0,0,0,710,74,11,13,43,1
9,0,3,3,28,3,2,4,1,3,1,1,4,2,2132,4,1,20,4,4,1,8,3,3,5,4,0,3,928,94,11,14,34,15
6,0,2,1,2,3,5,4,2,3,2,5,2,1,5147,8,1,15,3,4,0,13,2,2,11,7,1,7,602,64,52,13,33,11
6,0,3,3,1,5,3,2,1,3,1,1,4,2,2691,1,1,12,3,4,1,10,4,2,10,9,8,8,601,62,11,13,33,20
11,0,1,3,9,3,4,1,2,3,1,1,3,2,2942,2,1,19,3,2,1,18,4,3,5,4,0,3,1109,111,11,13,33,15
6,1,1,3,5,3,4,2,2,3,1,8,2,1,2422,0,1,17,3,1,0,4,3,3,3,2,1,2,605,62,81,13,33,3
8,0,3,3,7,2,4,4,2,3,2,9,3,1,5003,6,1,14,3,2,0,8,6,3,2,2,2,1,807,84,92,13,33,2
9,0,3,3,6,1,3,3,2,2,4,2,3,2,13966,2,2,19,3,2,1,30,3,3,15,11,2,12,906,93,24,23,23,25
3,0,3,3,3,1,4,2,2,3,1,8,2,1,1483,1,1,14,3,4,0,1,3,3,1,0,0,0,303,32,81,13,33,1
9,0,3,1,11,2,3,4,2,3,4,7,4,2,17650,3,1,13,3,2,1,26,4,4,9,3,1,1,911,94,74,13,33,19
8,0,2,3,17,3,3,4,1,1,1,1,3,1,2290,2,1,13,3,4,0,6,3,3,0,0,0,0,817,84,11,13,13,0
5,0,3,1,10,3,5,4,1,3,1,3,2,3,2297,1,1,14,3,4,2,2,2,3,2,2,2,2,510,54,31,13,33,22
7,0,1,1,11,2,5,4,1,3,2,5,4,3,4968,1,1,11,3,4,1,5,3,3,5,2,0,2,711,74,52,13,33,15
10,0,3,3,6,3,3,4,1,3,2,8,4,1,2450,2,1,17,3,4,0,19,4,3,2,2,2,2,1006,104,82,13,33,2
4,1,1,3,10,2,3,1,2,2,1,8,3,1,2625,1,1,20,4,3,0,2,2,1,2,2,2,2,410,41,81,14,24,2
5,0,1,3,6,3,6,3,1,4,1,8,4,2,2544,0,1,18,3,1,1,8,3,3,7,7,7,7,506,53,81,13,43,17
9,0,2,3,7,4,4,3,2,3,2,9,3,2,5258,2,1,14,3,3,0,7,2,4,1,0,0,0,907,93,92,13,33,1
9,0,3,3,2,2,6,3,2,3,4,7,4,2,16752,1,2,11,3,3,1,26,3,2,26,14,3,0,902,93,74,23,33,36
9,0,2,1,6,3,4,4,2,2,3,5,4,1,8865,6,1,12,3,4,0,23,2,3,19,7,12,8,906,94,53,13,23,19
8,0,3,3,2,3,3,1,1,3,5,7,3,2,18880,5,1,11,3,1,0,24,2,2,22,6,4,14,802,81,75,13,33,22
4,0,3,3,24,3,4,4,1,3,1,8,2,1,3597,8,1,22,4,4,0,6,2,3,4,3,1,2,424,44,81,14,34,4
10,0,3,3,2,3,4,4,1,1,2,9,2,3,5482,5,1,18,3,4,1,13,3,3,4,1,1,2,1002,104,92,13,13,14
8,0,1,1,2,4,4,2,1,3,2,5,2,2,4327,5,1,12,3,4,3,5,2,3,0,0,0,0,802,82,52,13,33,30
7,0,2,1,21,4,3,1,2,1,2,5,3,2,5736,6,1,19,3,3,1,10,1,3,3,2,1,2,721,71,52,13,13,13
7,0,3,3,27,1,4,3,2,2,1,1,1,1,2559,1,1,11,3,4,0,6,3,2,6,5,1,1,727,73,11,13,23,6
9,0,3,3,9,3,3,2,1,3,2,8,2,3,2348,8,1,18,3,3,1,20,2,1,17,9,0,15,909,92,82,13,33,27
7,0,1,1,7,3,5,1,2,4,2,5,1,2,4639,2,1,16,3,4,1,17,2,2,15,7,6,13,707,71,52,13,43,25
5,0,2,1,1,1,5,3,1,3,2,5,2,2,6349,0,2,13,3,4,1,6,0,3,5,4,1,4,501,53,52,23,33,15
6,1,1,1,12,4,3,2,1,2,1,3,1,2,2033,1,1,18,3,3,1,1,2,4,1,0,0,0,612,62,31,13,23,11
6,0,1,1,7,3,3,4,2,3,2,5,2,2,4302,0,1,17,3,3,1,4,3,3,3,2,0,2,607,64,52,13,33,13
7,0,3,3,2,4,2,4,2,2,2,2,3,1,4553,1,1,11,3,1,0,20,4,3,20,7,11,10,702,74,22,13,23,20
6,0,3,3,8,2,3,2,2,4,3,4,1,2,11416,0,2,12,3,3,3,9,4,2,8,7,1,7,608,62,43,23,43,38
8,0,3,3,2,3,3,3,2,4,3,2,4,2,7879,1,2,19,3,2,1,9,2,3,8,7,6,7,802,83,23,23,43,18
5,0,1,1,8,3,3,4,1,3,3,5,3,1,8726,1,1,15,3,4,0,9,0,3,9,8,1,7,508,54,53,13,33,9
7,0,3,3,10,3,6,2,1,3,1,8,4,3,3917,1,1,20,4,1,1,3,4,2,3,2,1,2,710,72,81,14,34,13
5,1,3,3,16,4,4,1,1,3,1,8,2,3,2373,2,2,13,3,4,1,5,2,3,3,2,0,2,516,51,81,23,33,13
10,1,3,1,2,1,5,1,2,1,5,7,4,2,19845,1,1,15,3,4,1,33,3,3,32,14,6,9,1002,101,75,13,13,42
6,0,3,3,4,4,4,1,2,2,1,8,2,2,3838,8,1,11,3,4,0,8,5,3,5,4,0,2,604,61,81,13,23,5
8,1,3,1,9,3,5,1,2,1,2,5,3,1,5346,8,1,13,3,2,0,7,2,2,4,3,1,3,809,81,52,13,13,4
9,0,1,3,4,5,4,3,1,2,4,7,4,2,15202,2,1,25,4,2,1,23,3,3,2,2,2,2,904,93,74,14,24,12
8,0,3,1,5,3,5,2,1,3,5,7,2,2,18213,7,1,11,3,3,1,26,5,3,22,9,3,10,805,82,75,13,33,32
8,0,2,3,10,4,2,3,1,3,1,1,3,2,2936,3,1,22,4,2,2,10,1,2,6,3,3,3,810,83,11,14,34,26
6,0,2,1,4,4,5,3,2,3,2,5,3,2,6538,9,1,15,3,1,1,6,3,3,3,2,1,2,604,63,52,13,33,13
6,1,1,1,1,3,3,4,2,3,1,3,2,1,2302,1,2,11,3,1,0,3,2,4,3,2,2,2,601,64,31,23,33,3
8,0,3,3,8,4,3,1,1,4,1,8,4,2,2818,2,2,24,4,3,1,10,2,2,3,2,0,2,808,81,81,24,44,13
6,0,2,1,17,3,3,4,1,3,4,7,3,1,17444,1,1,11,3,4,0,10,2,3,10,8,6,0,617,64,74,13,33,10
5,1,3,3,17,4,3,4,2,3,1,1,3,1,2394,1,2,13,3,4,0,8,2,3,8,2,7,7,517,54,11,23,33,8
6,0,3,3,9,3,3,4,1,3,3,2,4,3,8500,0,1,11,3,4,1,10,0,2,9,7,1,6,609,64,23,13,33,19
5,0,1,3,2,1,3,4,2,3,1,8,2,2,3180,0,1,13,3,3,3,4,3,3,3,2,0,2,502,54,81,13,33,33
8,1,2,1,24,3,3,2,2,4,4,5,2,1,13194,4,2,16,3,4,0,22,2,2,1,0,0,0,824,82,54,23,43,1
7,0,3,3,5,4,3,2,2,3,3,2,1,2,8008,4,1,12,3,3,2,9,6,3,3,2,0,2,705,72,23,13,33,23
7,0,3,1,2,3,5,4,2,3,1,3,4,2,2014,1,1,13,3,1,0,2,3,3,2,2,2,2,702,74,31,13,33,2
5,1,3,3,4,1,2,4,1,3,1,8,4,2,3691,1,2,15,3,2,1,7,3,4,7,7,5,6,504,54,81,23,33,17
4,1,3,3,18,1,6,4,2,3,1,1,4,1,2693,1,1,19,3,1,0,1,3,2,1,0,0,0,418,44,11,13,33,1
5,1,1,1,24,3,2,3,1,4,1,3,1,1,1091,1,1,17,3,4,0,1,3,3,1,0,0,0,524,53,31,13,43,1
7,0,3,3,1,3,2,4,2,3,3,4,1,2,13582,1,1,13,3,2,1,15,3,3,15,12,5,11,701,74,43,13,33,25
7,0,1,3,2,4,2,3,2,3,3,2,3,1,10938,0,1,25,4,4,0,20,1,3,19,6,11,8,702,73,23,14,34,19
8,0,3,3,15,2,3,3,1,2,4,4,3,2,17603,1,1,24,4,1,1,14,3,3,14,10,6,11,815,83,44,14,24,24
5,0,3,3,2,1,6,4,1,3,1,8,3,3,3977,6,2,19,3,3,1,7,2,2,2,2,0,2,502,54,81,23,33,12
11,0,3,1,10,4,4,4,1,3,4,5,3,1,13872,0,1,13,3,3,0,38,1,2,37,10,1,8,1110,114,54,13,33,37
8,0,3,1,14,2,4,3,2,2,2,5,3,1,6244,7,1,17,3,1,0,10,6,3,5,4,0,3,814,83,52,13,23,5
6,0,3,3,2,1,4,2,1,2,1,8,4,1,2720,0,1,13,3,4,0,6,3,3,5,3,1,2,602,62,81,13,23,5
7,0,3,3,9,4,4,2,1,3,2,1,3,1,5098,1,1,19,3,2,0,10,5,3,10,7,0,8,709,72,12,13,33,10
5,1,3,3,24,3,4,3,1,3,1,8,2,2,2408,1,2,17,3,3,3,1,3,3,1,1,0,0,524,53,81,23,33,31
5,0,3,1,10,3,5,4,2,2,2,5,4,2,5769,1,2,11,3,4,0,6,3,3,6,2,4,4,510,54,52,23,23,6
5,0,1,3,10,2,3,4,1,3,3,9,1,3,8793,1,1,21,4,3,2,9,4,2,9,7,1,7,510,54,93,14,34,29
8,0,3,1,4,1,5,3,2,3,3,5,3,3,10447,0,2,13,3,4,1,23,3,4,22,14,13,5,804,83,53,23,33,32
10,1,3,3,2,5,2,3,2,2,3,9,4,2,10169,0,1,16,3,2,1,34,4,3,33,7,1,9,1002,103,93,13,23,43
7,0,3,3,25,2,6,1,1,2,2,8,4,1,3681,4,1,14,3,4,0,9,3,3,3,2,0,2,725,71,82,13,23,3
5,0,2,3,7,3,4,4,1,3,1,8,4,1,2570,1,1,20,4,3,0,7,5,3,7,7,5,7,507,54,81,14,34,7
6,0,1,3,24,1,2,4,2,3,2,9,4,1,5238,2,1,20,4,4,0,9,3,2,5,4,1,4,624,64,92,14,34,5
7,1,3,3,11,2,4,1,2,1,2,2,2,2,4777,5,1,15,3,1,0,15,2,1,1,0,0,0,711,71,22,13,13,1
9,0,1,3,22,3,4,4,2,3,4,7,4,3,17174,3,1,11,3,2,1,24,3,3,22,17,4,7,922,94,74,13,33,32
10,0,1,1,12,3,5,3,2,3,3,5,4,1,9208,4,1,11,3,4,0,16,3,3,2,2,2,1,1012,103,53,13,33,2
7,0,1,3,8,3,4,4,2,2,2,1,2,3,2133,1,2,16,3,3,1,20,3,3,20,11,0,7,708,74,12,23,23,30
6,1,3,3,22,3,3,1,2,3,1,1,3,2,2132,4,2,11,3,2,0,7,2,3,5,2,0,1,622,61,11,23,33,5
9,0,3,3,1,4,4,4,2,3,1,8,4,3,2270,3,1,14,3,4,2,8,2,3,5,3,0,2,901,94,81,13,33,25
8,0,2,3,9,3,3,1,1,3,1,1,3,1,2438,4,1,13,3,3,0,7,2,2,3,2,1,2,809,81,11,13,33,3
5,0,1,3,10,3,3,4,2,3,1,1,2,3,3291,0,1,14,3,4,2,8,2,2,7,5,1,1,510,54,11,13,33,27
10,0,3,1,2,2,4,3,1,3,4,7,3,3,14852,6,1,13,3,3,1,22,3,4,17,13,15,2,1002,103,74,13,33,27
9,0,3,3,3,2,4,3,2,2,2,8,1,2,4789,4,1,25,4,1,1,10,3,3,3,2,1,2,903,93,82,14,24,13
9,0,3,3,4,3,3,3,2,2,3,9,2,3,10333,8,2,12,3,3,1,28,4,3,22,11,14,10,904,93,93,23,23,32
4,0,3,3,9,3,4,3,1,4,1,1,3,2,4401,1,1,16,3,4,1,5,1,3,5,3,0,4,409,43,11,13,43,15
8,0,3,3,9,4,3,3,1,3,1,8,1,2,2238,2,1,21,4,4,1,7,2,3,5,0,1,4,809,83,81,14,34,15
9,0,1,1,4,1,4,2,1,3,2,3,3,1,2976,3,1,19,3,1,0,5,3,3,0,0,0,0,904,92,32,13,33,0
6,0,3,1,4,2,3,3,2,3,1,3,2,2,3931,2,1,11,3,1,1,6,5,3,4,3,1,2,604,63,31,13,33,14
5,0,3,3,1,3,4,3,1,3,1,8,1,1,2867,0,1,13,3,4,0,8,6,2,7,7,7,6,501,53,81,13,33,7
7,0,3,1,1,4,5,3,1,2,2,5,1,1,4312,0,1,14,3,2,0,16,2,3,15,13,2,8,701,73,52,13,23,15
6,0,3,3,18,3,3,1,2,3,1,1,3,1,2632,1,1,14,3,3,0,5,4,2,5,4,0,4,618,61,11,13,33,5
6,0,3,1,29,4,2,3,1,3,3,5,2,2,9250,3,1,12,3,2,1,9,3,3,4,2,1,3,629,63,53,13,33,14
7,0,3,3,7,4,6,2,1,3,1,1,4,1,4678,2,1,18,3,3,0,8,6,3,6,2,0,1,707,72,11,13,33,6
6,0,3,1,5,3,5,4,2,2,2,5,3,3,6118,1,1,13,3,3,3,10,2,3,10,9,1,2,605,64,52,13,23,40
6,0,3,1,3,3,6,4,1,1,2,5,1,1,4759,3,1,18,3,4,0,15,2,3,13,9,3,12,603,64,52,13,13,13
9,0,3,1,8,4,2,4,1,2,4,5,2,2,13120,6,1,17,3,2,1,22,3,3,9,8,2,3,908,94,54,13,23,19
7,0,3,3,19,4,6,4,1,3,2,1,4,3,3902,8,1,14,3,2,3,7,2,3,2,2,2,2,719,74,12,13,33,32
8,0,3,3,6,3,4,1,2,2,5,7,3,2,19392,7,1,13,3,4,0,21,2,3,16,12,6,14,806,81,75,13,23,16
9,0,3,1,29,1,4,1,2,3,3,7,3,2,12504,3,1,21,4,2,1,15,3,1,0,0,0,0,929,91,73,14,34,10
8,0,2,1,10,2,3,4,1,3,2,5,4,1,6230,7,1,14,3,4,0,16,3,3,14,3,1,10,810,84,52,13,33,14
5,1,3,3,1,4,4,1,1,3,1,1,4,2,4787,9,2,14,3,2,3,4,3,4,2,2,2,2,501,51,11,23,33,32
5,0,3,3,1,3,4,4,2,3,1,1,2,1,2096,1,1,18,3,4,0,2,3,2,2,2,2,1,501,54,11,13,33,2
4,0,2,3,26,2,6,2,2,2,1,1,3,2,2814,1,2,14,3,2,0,4,2,2,4,2,1,3,426,42,11,23,23,4
6,1,3,2,18,5,1,4,1,4,1,6,1,2,2956,0,1,17,3,3,0,2,4,3,1,0,0,0,618,64,61,13,43,1
9,0,1,3,10,4,3,3,2,3,5,4,1,1,18665,9,2,11,3,4,0,22,4,3,3,2,1,2,910,93,45,23,33,3
9,0,2,3,1,1,4,3,2,3,3,4,2,2,11957,0,1,18,3,1,2,14,3,1,13,8,5,12,901,93,43,13,33,33
6,0,2,1,23,4,5,2,1,3,2,5,3,1,4568,0,1,20,4,3,0,10,2,3,9,5,8,7,623,62,52,14,34,9
9,0,1,3,1,4,4,2,1,3,2,2,3,1,5399,4,1,12,3,3,0,12,3,3,4,2,0,3,901,92,22,13,33,4
8,0,3,3,16,3,3,3,2,3,3,9,4,1,7945,6,2,15,3,4,0,18,2,2,4,2,3,3,816,83,93,23,33,4
10,0,3,3,28,3,3,4,2,3,4,4,1,2,16880,4,2,11,3,2,0,25,2,3,3,2,1,2,1028,104,44,23,33,3
9,0,3,3,25,4,3,3,2,3,1,8,1,2,3211,1,1,14,3,4,1,10,3,2,9,6,1,4,925,93,81,13,33,19
10,0,3,3,4,1,3,1,1,3,5,4,2,3,19144,3,1,14,3,1,2,28,4,2,10,4,1,6,1004,101,45,13,33,30
5,0,3,3,1,3,3,1,2,3,2,9,3,2,4898,0,1,12,3,4,2,5,3,3,4,2,1,2,501,51,92,13,33,24
8,0,3,1,4,4,5,4,2,2,3,5,4,1,10231,3,1,14,3,4,0,23,3,4,21,7,15,17,804,84,53,13,23,21
9,0,3,3,2,3,3,2,2,2,1,1,3,1,2274,1,1,14,3,4,0,1,3,3,1,0,0,0,902,92,11,13,23,1
6,0,3,1,2,3,5,3,2,3,2,5,1,1,4538,0,2,12,3,4,0,4,3,3,3,2,0,2,602,63,52,23,33,3
6,1,1,1,26,4,5,3,2,2,2,5,1,1,6696,5,1,15,3,3,0,9,5,2,6,3,0,1,626,63,52,13,23,6
6,1,3,1,5,3,5,4,2,3,1,3,3,1,2851,1,2,13,3,2,0,1,2,3,1,0,0,0,605,64,31,23,33,1
6,0,3,2,3,2,1,3,1,3,1,6,4,2,3737,0,1,19,3,3,1,4,1,1,3,2,0,2,603,63,61,13,33,13
7,0,3,3,10,5,4,2,1,3,2,9,1,2,5377,2,1,13,3,4,3,10,3,3,7,7,7,7,710,72,92,13,33,37
5,1,3,3,8,4,6,2,1,1,1,8,1,2,2119,1,2,11,3,4,0,7,4,2,7,7,0,7,508,52,81,23,13,7
7,0,3,3,6,4,3,2,1,1,2,1,4,1,6646,1,1,13,3,2,0,17,3,3,17,11,11,8,706,72,12,13,13,17
6,1,1,2,23,3,1,2,2,3,3,6,1,3,9950,9,2,15,3,3,3,11,2,3,3,2,0,2,623,62,63,23,33,33
6,0,3,3,5,3,2,4,2,3,1,1,1,3,3204,5,1,14,3,4,1,8,3,3,3,2,2,2,605,64,11,13,33,13
5,1,3,3,1,3,2,3,1,3,1,1,3,1,2058,0,1,14,3,4,0,7,1,2,6,2,1,5,501,53,11,13,33,6
9,0,3,1,2,3,6,4,1,3,2,5,2,2,4805,0,1,19,3,2,1,9,3,4,8,7,3,7,902,94,52,13,33,18
6,1,3,3,25,4,3,1,1,3,1,8,4,1,2795,1,2,24,4,3,0,1,2,1,1,0,0,1,625,61,81,24,34,1
5,0,3,3,9,3,4,4,1,3,1,1,4,2,2070,1,1,23,4,4,1,5,3,2,5,2,0,4,509,54,11,14,34,15
8,0,1,3,5,2,6,2,1,3,1,8,3,2,2093,4,1,17,3,4,1,8,4,3,2,2,2,0,805,82,81,13,33,12
11,1,3,3,2,4,3,4,1,3,5,4,2,1,19246,7,2,12,3,4,0,40,2,3,31,15,13,8,1102,114,45,23,33,31
6,1,3,1,2,4,5,3,1,2,2,5,2,1,9907,7,2,12,3,3,0,7,3,2,2,2,2,2,602,63,52,23,23,2
6,1,3,3,15,1,4,2,1,3,3,7,3,2,13610,7,2,12,3,4,0,15,2,4,7,6,7,7,615,62,73,23,33,7
9,0,3,1,3,3,2,1,2,4,4,5,1,3,13225,2,1,12,3,4,1,25,5,3,19,17,2,8,903,91,54,13,43,29
7,0,1,1,20,3,3,3,1,3,2,5,4,3,4127,2,1,18,3,4,1,7,6,3,2,1,2,2,720,73,52,13,33,12
9,0,3,3,7,4,3,3,1,3,3,2,2,3,10466,3,1,14,3,2,2,29,3,3,8,7,0,7,907,93,23,13,33,28
11,0,3,1,21,3,3,4,2,3,4,7,4,2,17875,4,2,13,3,3,1,29,2,2,1,0,0,0,1121,114,74,23,33,11
8,0,1,3,2,1,4,2,1,3,1,1,4,1,2515,5,2,14,3,4,0,8,2,3,2,1,2,2,802,82,11,23,33,2
7,1,3,3,29,1,4,2,1,3,2,2,1,2,6673,7,2,19,3,2,0,17,2,3,1,0,0,0,729,72,22,23,33,1
8,1,3,1,22,2,5,3,1,2,2,5,3,2,6380,2,2,12,3,1,2,8,6,3,6,4,1,0,822,83,52,23,23,26
5,0,1,1,1,2,3,3,1,2,2,5,4,2,6834,1,2,12,3,3,1,7,2,3,7,7,0,7,501,53,52,23,23,17
7,0,3,3,2,4,6,4,2,3,2,1,2,2,6962,4,2,22,4,4,1,15,2,3,1,0,0,0,702,74,12,24,34,11
7,0,2,3,2,2,4,2,1,3,2,9,4,3,5762,2,1,14,3,3,1,15,6,3,7,7,1,7,702,72,92,13,33,17
6,0,3,1,8,2,3,1,1,3,3,5,4,3,10793,1,1,18,3,1,1,13,5,3,13,7,9,9,608,61,53,13,33,23
8,0,3,1,14,2,3,4,2,3,2,5,1,2,4639,1,1,15,3,3,1,5,2,3,5,4,1,2,814,84,52,13,33,15
6,0,1,1,10,4,5,4,1,3,2,5,4,1,4648,8,1,13,3,3,0,4,2,4,0,0,0,0,610,64,52,13,33,0
7,0,3,1,2,2,3,2,2,3,2,5,1,3,6893,3,1,15,3,4,1,11,3,3,7,7,1,7,702,72,52,13,33,17
10,0,3,3,7,3,3,3,1,4,4,4,3,2,14814,3,1,19,3,3,0,32,3,3,5,1,1,3,1007,103,44,13,43,5
8,0,3,3,8,4,6,3,2,3,2,2,3,3,4522,4,2,14,3,4,0,8,3,3,5,2,0,2,808,83,22,23,33,5
6,0,3,3,24,3,4,3,2,2,2,2,1,1,6812,1,1,19,3,2,0,10,2,3,10,9,1,8,624,63,22,13,23,10
7,0,1,3,18,4,3,3,1,4,1,8,4,2,3688,4,1,18,3,4,2,4,2,3,1,0,0,0,718,73,81,13,43,21
8,0,3,3,29,4,6,4,1,3,2,1,4,1,4541,1,1,25,4,2,0,20,3,3,20,11,13,17,829,84,12,14,34,20
9,0,3,3,29,3,2,2,1,3,3,9,4,2,9380,4,2,18,3,4,2,10,4,4,3,1,1,2,929,92,93,23,33,23
9,0,3,3,18,3,4,3,2,3,2,9,3,3,4810,2,1,14,3,3,1,19,5,2,10,7,0,8,918,93,92,13,33,20
6,0,1,1,5,3,5,4,2,3,1,3,2,3,2789,1,1,11,3,3,1,2,5,2,2,2,2,2,605,64,31,13,33,12
5,0,3,3,5,3,3,3,2,3,1,1,2,1,2478,1,2,12,3,2,0,4,2,2,4,3,1,2,505,53,11,23,33,4
7,0,3,3,10,3,4,3,2,3,2,2,3,2,9824,3,1,19,3,3,1,18,4,3,1,0,0,0,710,73,22,13,33,11
7,0,3,3,2,2,4,4,2,2,3,9,3,2,7756,3,2,19,3,4,1,10,6,4,5,4,0,2,702,74,93,23,23,15
6,0,3,1,5,3,2,1,1,3,2,5,3,2,8346,1,1,19,3,3,1,6,3,3,5,2,0,2,605,61,52,13,33,15
6,0,1,3,1,4,6,3,2,4,2,2,2,2,5488,1,2,13,3,1,1,6,2,3,6,5,1,2,601,63,22,23,43,16
8,1,1,3,1,2,4,3,1,3,1,1,2,3,2342,1,2,12,3,3,3,6,2,2,5,3,2,3,801,83,11,23,33,35
6,1,3,1,16,3,3,1,2,3,3,5,1,1,8564,2,2,20,4,3,0,11,2,2,0,0,0,0,616,61,53,24,34,0
7,0,3,3,16,3,3,4,2,2,3,2,2,1,8606,1,1,19,3,4,0,11,3,1,11,8,3,3,716,74,23,13,23,11
5,1,3,1,19,2,5,3,1,2,1,3,2,2,2413,1,2,18,3,3,3,1,2,3,1,0,0,0,519,53,31,23,23,31
6,0,3,3,2,3,4,4,1,3,2,1,2,3,5470,0,1,13,3,3,2,10,4,2,9,5,1,6,602,64,12,13,33,29
5,0,2,3,16,3,4,3,1,3,1,1,3,1,2144,1,1,14,3,3,0,5,3,2,5,3,1,4,516,53,11,13,33,5
6,0,3,3,6,5,3,3,1,3,1,1,3,1,3038,3,1,20,4,1,0,8,2,3,5,4,1,4,606,63,11,14,34,5
8,0,3,3,9,2,6,4,1,2,5,7,4,1,19613,8,1,22,4,4,0,24,2,3,1,0,0,1,809,84,75,14,24,1
7,1,3,3,15,3,6,1,1,3,2,8,3,3,4834,7,1,14,3,2,1,9,3,2,1,0,0,0,715,71,82,13,33,11
8,0,1,3,1,3,3,4,2,3,2,2,4,2,5562,4,1,13,3,2,1,12,2,2,5,2,2,2,801,84,22,13,33,15
8,0,3,1,10,3,2,2,2,2,2,5,2,3,6852,7,1,12,3,2,1,7,2,4,5,1,1,3,810,82,52,13,23,15
7,0,3,1,10,4,2,2,2,2,2,5,3,2,5673,1,2,13,3,1,1,10,4,3,10,9,1,7,710,72,52,23,23,20
4,0,1,1,24,3,4,4,1,3,1,3,4,2,2400,0,1,13,3,3,2,3,3,3,2,2,2,1,424,44,31,13,33,22
11,0,2,3,1,4,3,3,1,3,2,2,3,3,6306,1,1,21,4,1,1,13,2,2,13,12,1,9,1101,113,22,14,34,23
7,0,1,1,21,2,4,3,2,3,1,3,4,2,2973,5,1,15,3,2,1,10,3,3,5,4,0,0,721,73,31,13,33,15
8,1,3,1,1,2,3,2,2,3,2,5,4,1,5993,8,2,11,3,1,0,8,0,1,6,4,0,5,801,82,52,23,33,6
11,0,3,3,2,3,3,3,2,2,4,9,4,1,13726,3,2,13,3,1,0,30,4,3,5,3,4,3,1102,113,94,23,23,5
6,0,1,1,7,4,5,1,2,3,3,5,1,2,9637,2,1,14,3,4,2,9,3,3,3,2,2,2,607,61,53,13,33,23
7,1,3,1,27,3,3,3,1,3,2,5,4,1,5813,1,2,18,3,4,0,10,2,3,10,7,7,7,727,73,52,23,33,10
5,0,3,3,3,4,4,1,1,4,1,8,4,2,4420,1,1,22,4,2,1,8,2,3,8,7,0,7,503,51,81,14,44,18
6,0,1,3,10,4,4,4,1,3,1,1,3,3,3815,1,2,17,3,4,1,5,4,4,5,3,2,0,610,64,11,23,33,15
3,0,3,3,9,2,3,3,1,3,1,1,1,1,2552,1,1,25,4,3,0,1,4,3,1,1,0,0,309,33,11,14,34,1
6,0,3,1,5,3,3,2,2,3,3,5,4,2,9419,2,1,12,3,3,1,12,2,3,10,9,7,4,605,62,53,13,33,20
8,0,2,3,16,2,3,3,1,3,1,1,3,3,3544,9,1,16,3,2,1,6,0,3,4,2,0,0,816,83,11,13,33,14
7,0,3,3,7,4,4,1,1,3,3,4,3,1,13664,4,1,13,3,1,0,16,3,4,5,2,0,2,707,71,43,13,33,5
8,0,1,3,29,2,3,1,2,3,2,1,3,3,4556,2,1,11,3,2,1,19,3,3,5,4,0,2,829,81,12,13,33,15
5,1,3,3,1,4,2,1,1,2,1,1,1,1,2362,6,1,13,3,3,0,11,2,1,9,7,0,7,501,51,11,13,23,9
9,0,3,1,4,2,3,4,2,3,2,5,4,1,4163,1,2,17,3,3,0,9,0,3,9,0,0,7,904,94,52,23,33,9
9,0,3,1,4,2,3,3,2,3,2,5,1,3,5006,4,2,11,3,1,1,9,3,4,5,4,0,3,904,93,52,23,33,15
6,1,3,3,1,4,6,4,1,3,1,1,4,1,2686,1,2,13,3,3,0,10,2,2,10,9,7,8,601,64,11,23,33,10
5,0,3,1,26,3,3,3,1,2,2,5,1,2,4724,1,1,11,3,3,1,5,0,3,5,3,0,4,526,53,52,13,23,15
7,0,3,3,1,1,3,3,2,3,1,1,1,1,2619,3,1,17,3,4,0,8,3,2,0,0,0,0,701,73,11,13,33,0
10,0,2,1,29,4,3,1,1,3,1,3,4,3,3482,2,1,15,3,2,2,16,3,2,9,8,0,0,1029,101,31,13,33,29
7,0,3,3,5,2,3,4,1,3,2,8,2,1,5914,8,1,16,3,4,0,16,3,4,13,11,3,7,705,74,82,13,33,13
8,0,3,3,20,4,2,1,1,3,3,2,4,2,10322,4,1,20,4,4,1,14,6,3,11,10,11,1,820,81,23,14,34,21
11,1,3,1,2,1,4,3,1,3,2,5,4,1,5160,4,1,16,3,3,0,12,3,2,9,7,7,3,1102,113,52,13,33,9
6,0,3,1,6,4,4,2,1,3,2,5,3,1,5010,1,1,16,3,1,0,12,0,3,11,8,5,7,606,62,52,13,33,11
5,0,3,3,1,3,3,1,1,2,1,1,3,3,1563,1,1,14,3,4,1,1,2,1,1,0,0,0,501,51,11,13,23,11
6,1,3,3,22,4,4,4,1,3,2,9,3,2,6179,1,2,15,3,4,2,10,3,2,10,2,6,7,622,64,92,23,33,30
7,1,3,3,10,4,4,4,1,3,2,9,1,1,4213,1,1,15,3,2,0,10,4,1,10,3,0,8,710,74,92,13,33,10
11,0,3,3,2,3,3,3,2,3,4,7,4,1,16659,2,2,13,3,3,0,30,2,3,5,4,1,2,1102,113,74,23,33,5
5,0,3,3,9,3,3,3,1,4,1,1,3,2,2451,6,1,18,3,1,2,5,2,2,1,0,0,0,509,53,11,13,43,21
9,0,3,3,2,4,4,3,1,3,5,4,4,3,19328,7,2,17,3,3,1,24,3,3,2,1,2,2,902,93,45,23,33,12
7,0,3,3,7,2,3,3,1,2,1,8,4,2,2690,1,1,18,3,4,1,1,5,2,1,0,0,1,707,73,81,13,23,11
11,0,3,1,26,5,5,3,1,2,5,7,4,2,19586,1,1,21,4,3,1,36,3,3,36,6,2,13,1126,113,75,14,24,46
8,0,3,1,1,1,3,2,1,3,2,5,3,2,4907,1,1,25,4,3,0,20,3,3,20,16,11,6,801,82,52,14,34,20
6,0,3,1,7,3,2,2,1,4,2,5,4,2,6929,4,1,11,3,2,1,10,3,2,8,7,7,7,607,62,52,13,43,18
11,0,3,3,9,3,4,3,1,3,4,2,4,2,11103,7,1,11,3,3,0,30,1,2,10,7,1,1,1109,113,24,13,33,10
5,1,3,3,1,2,3,2,2,2,1,8,1,2,2319,1,2,11,3,4,1,1,1,3,1,0,0,0,501,52,81,23,23,11
6,1,3,1,9,3,4,2,1,3,1,3,4,1,1081,1,1,13,3,3,0,1,3,2,1,0,0,0,609,62,31,13,33,1
7,0,3,3,10,4,2,4,2,3,3,2,3,2,7094,3,1,12,3,1,0,10,0,3,7,7,1,7,710,74,23,13,33,7
4,1,3,3,17,2,3,4,2,3,1,8,2,2,2210,1,1,13,3,1,1,1,3,1,1,0,0,0,417,44,81,13,33,11
6,0,3,1,7,4,5,4,2,3,2,5,1,3,4779,7,1,14,3,2,2,8,3,3,3,2,0,2,607,64,52,13,33,23
5,0,3,3,8,1,6,3,2,1,2,2,1,2,9715,3,1,13,3,3,1,9,3,3,7,7,0,7,508,53,22,13,13,17
8,0,3,3,2,3,3,3,1,3,2,1,4,1,4661,1,1,13,3,3,0,9,4,3,9,8,8,8,802,83,12,13,33,9
7,0,1,3,8,1,3,3,2,3,1,8,3,2,3755,1,1,11,3,1,1,8,3,3,8,3,0,7,708,73,81,13,33,18
8,1,3,3,12,3,2,2,2,3,5,4,3,2,19545,1,1,12,3,4,0,23,0,3,22,15,15,8,812,82,45,13,33,22
7,0,3,1,6,4,4,3,1,3,2,5,4,2,6502,4,1,14,3,2,1,7,5,4,5,4,0,1,706,73,52,13,33,15
9,0,3,3,2,2,6,4,2,2,2,9,4,3,5770,1,1,19,3,1,2,10,3,3,10,7,3,9,902,94,92,13,23,30
7,1,3,1,9,4,3,3,1,2,1,3,1,1,3407,7,1,23,4,2,0,10,4,3,5,3,0,3,709,73,31,14,24,5
10,1,3,1,24,4,3,1,1,3,3,5,1,1,10448,6,2,13,3,2,0,15,2,2,2,2,2,2,1024,101,53,23,33,2
8,0,3,3,2,4,4,3,2,3,1,1,3,2,2001,2,1,14,3,2,3,20,2,3,5,3,0,2,802,83,11,13,33,35
6,0,3,1,10,5,5,4,1,4,3,5,3,3,8380,0,2,14,3,4,2,10,3,3,9,8,0,8,610,64,53,23,43,29
8,0,3,3,1,3,4,2,1,3,1,1,4,1,2436,6,2,12,3,3,0,6,2,3,4,3,1,2,801,82,11,23,33,4
10,0,3,3,28,1,4,4,1,4,1,8,3,2,3221,1,2,11,3,3,3,20,3,3,20,8,3,8,1028,104,81,23,43,50
5,0,3,2,17,3,6,2,1,2,3,6,1,1,7988,1,1,13,3,1,0,10,3,2,10,9,0,9,517,52,63,13,23,10
6,1,3,1,16,3,5,1,2,3,2,5,1,1,5324,5,1,15,3,3,0,6,3,3,3,2,0,2,616,61,52,13,33,3
9,1,3,1,10,3,3,3,2,3,3,5,2,2,7314,5,1,21,4,3,3,14,2,3,8,7,0,7,910,93,53,14,34,38
7,0,2,3,11,2,4,3,1,2,3,2,1,2,9884,2,2,13,3,3,1,10,3,3,4,0,2,3,711,73,23,23,23,14
9,0,3,1,14,3,4,3,2,3,2,5,3,2,4591,3,2,17,3,3,1,11,4,2,5,4,1,2,914,93,52,23,33,15
8,0,3,3,12,4,3,2,1,3,1,8,4,2,4766,3,2,11,3,1,1,6,4,3,1,0,0,0,812,82,81,23,33,11
6,0,3,3,1,3,3,2,1,3,2,1,2,2,6220,1,1,17,3,2,2,10,3,3,10,4,0,9,601,62,12,13,33,30
7,0,3,3,4,2,4,4,2,3,1,8,3,2,3306,7,1,19,3,4,1,7,5,2,0,0,0,0,704,74,81,13,33,10
7,1,3,1,3,1,3,3,1,2,3,5,4,2,10325,1,2,11,3,1,1,16,6,3,16,7,3,7,703,73,53,23,23,26
9,0,3,2,5,2,4,2,1,3,2,6,2,3,5021,8,2,22,4,4,1,16,2,3,4,2,0,2,905,92,62,24,34,14
4,0,3,3,1,3,3,4,2,2,1,1,2,1,2836,1,1,13,3,4,0,1,0,4,1,0,0,0,401,44,11,13,23,1
9,0,3,1,2,1,5,2,1,4,2,5,2,2,8120,3,1,12,3,4,0,12,3,3,2,2,2,2,902,92,52,13,43,2
8,0,3,1,25,3,4,3,1,2,3,5,4,3,10798,5,1,13,3,3,1,18,5,3,1,0,0,0,825,83,53,13,23,11
7,0,3,3,10,3,4,3,2,3,1,8,1,2,3452,6,1,20,4,2,1,17,3,3,5,4,0,3,710,73,81,14,34,15
9,0,3,3,22,4,6,1,2,3,4,4,2,2,16413,3,1,16,3,2,2,27,2,3,4,2,1,2,922,91,44,13,33,24
8,1,1,3,24,3,3,4,1,3,1,8,3,3,3161,3,2,22,4,4,1,19,0,1,1,0,0,0,824,84,81,24,34,11
9,0,3,3,1,4,3,4,2,2,4,7,1,2,15402,7,1,11,3,1,1,21,3,1,3,2,0,2,901,94,74,13,23,13
4,1,3,3,11,3,4,4,2,2,1,1,1,1,2600,1,2,15,3,1,0,1,2,3,1,0,0,0,411,44,11,23,23,1
5,0,2,2,1,2,3,3,1,3,1,6,4,3,2706,1,1,15,3,2,1,3,2,3,3,2,2,2,501,53,61,13,33,13
11,0,3,3,8,3,3,3,2,3,1,1,1,3,4257,4,2,18,3,3,1,19,3,3,2,2,2,2,1108,113,11,23,33,12
5,0,3,3,11,1,3,2,1,3,1,8,1,2,2099,0,1,14,3,2,0,6,3,4,5,0,1,4,511,52,81,13,33,5
6,0,3,3,3,4,4,3,2,3,2,9,1,2,6725,1,1,12,3,3,1,8,2,4,8,7,6,3,603,63,92,13,33,18
5,0,3,3,2,3,3,3,1,3,1,1,2,2,2703,0,1,23,4,4,1,6,3,3,5,4,0,4,502,53,11,14,34,15
11,0,3,2,26,4,1,3,1,4,5,7,2,2,19636,4,2,18,3,1,1,35,0,3,10,9,1,4,1126,113,75,23,43,20
8,0,3,3,15,3,3,1,2,2,3,9,3,2,10435,1,1,13,3,4,2,18,2,3,18,15,14,12,815,81,93,13,23,38
6,0,2,3,5,4,2,2,1,3,1,1,2,1,2718,2,1,14,3,2,0,12,3,3,7,7,0,7,605,62,11,13,33,7
6,0,3,1,15,2,4,3,2,3,2,5,1,1,6125,1,1,12,3,4,0,10,6,4,10,8,9,6,615,63,52,13,33,10
10,0,3,3,1,4,3,3,1,2,5,7,3,2,19999,0,1,14,3,1,1,34,5,3,33,18,11,9,1001,103,75,13,23,43
4,0,2,3,9,3,3,3,1,2,1,8,2,3,2694,1,1,11,3,3,3,1,4,3,1,0,0,0,409,43,81,13,23,31
7,0,3,1,11,4,5,2,2,2,2,5,4,2,6652,4,1,13,3,1,1,8,2,2,6,3,0,0,711,72,52,13,23,16
9,0,3,1,10,3,5,3,2,2,3,5,4,2,9071,2,2,19,3,3,1,15,3,3,3,2,1,2,910,93,53,23,23,13
11,0,3,3,24,2,3,3,1,4,3,2,4,3,9439,3,2,16,3,2,1,12,2,1,5,3,1,4,1124,113,23,23,43,15
9,1,2,3,29,4,3,1,1,3,3,7,2,2,11849,1,2,12,3,4,1,10,2,2,10,7,9,9,929,91,73,23,33,20
6,0,3,3,2,4,3,3,1,3,1,1,4,3,2695,0,2,18,3,2,1,3,2,1,2,2,2,2,602,63,11,23,33,12
8,0,3,1,2,5,3,2,2,3,4,7,1,2,16595,7,1,16,3,2,1,22,2,3,18,16,11,8,802,82,74,13,33,28
11,0,3,1,1,2,3,1,1,3,3,5,4,2,10239,3,1,14,3,4,1,24,4,3,1,0,1,0,1101,111,53,13,33,11
9,1,1,1,26,4,3,1,2,3,2,5,1,2,4286,2,1,14,3,4,2,5,4,3,1,1,0,0,926,91,52,13,33,21
4,0,3,1,2,1,2,3,1,3,1,3,1,3,2322,3,1,13,3,3,1,3,3,3,0,0,0,0,402,43,31,13,33,10
9,0,2,3,18,4,3,4,1,3,2,9,4,3,6804,1,2,15,3,1,2,7,0,3,7,7,1,7,918,94,92,23,33,27
8,0,3,3,8,3,3,4,1,3,1,8,3,1,3968,4,1,13,3,4,0,8,3,3,0,0,0,0,808,84,81,13,33,0
7,0,3,3,16,3,3,4,1,3,3,2,3,2,7632,4,2,12,3,3,0,10,2,3,8,7,0,0,716,74,23,23,33,8
7,0,1,3,11,3,6,2,1,3,3,4,4,3,12185,1,2,14,3,3,3,10,1,3,10,8,0,7,711,72,43,23,33,40
6,0,3,1,8,3,4,3,1,4,2,5,4,2,6209,1,1,15,3,3,2,10,4,4,10,7,0,8,608,63,52,13,43,30
6,1,1,3,9,4,3,4,1,3,2,8,1,2,5346,4,1,17,3,3,1,11,3,2,7,1,0,7,609,64,82,13,33,17
6,0,1,3,3,4,4,2,1,3,3,4,3,3,13675,9,1,12,3,1,1,9,3,3,2,2,2,2,603,62,43,13,33,12
4,0,3,3,15,2,3,3,1,3,1,1,4,1,1232,1,1,14,3,4,0,0,6,3,0,0,0,0,415,43,11,13,33,0
6,0,3,1,7,3,5,4,1,3,2,5,4,3,7547,4,1,12,3,4,3,13,3,3,7,7,1,7,607,64,52,13,33,37
6,0,1,3,15,3,4,2,1,3,4,4,1,3,17007,7,1,14,3,4,2,16,3,2,14,8,6,9,615,62,44,13,33,34
8,0,3,3,18,4,3,4,1,3,2,1,1,3,5410,6,2,17,3,3,1,9,3,2,4,3,1,2,818,84,12,23,33,14
7,0,3,1,9,3,5,2,1,2,1,3,2,2,2899,0,1,19,3,4,1,3,3,3,2,2,1,2,709,72,31,13,23,12
9,0,3,1,3,1,5,1,1,3,4,7,3,2,17465,3,1,12,3,4,1,23,3,3,12,9,4,9,903,91,74,13,33,22
6,0,3,3,2,3,4,3,2,3,1,8,2,2,2370,1,1,13,3,3,1,8,4,3,8,0,0,7,602,63,81,13,33,18
6,0,3,3,5,2,3,4,2,2,2,1,2,2,5878,3,1,12,3,1,1,12,2,3,7,1,2,5,605,64,12,13,23,17
10,0,3,1,26,4,5,1,2,3,4,7,3,2,16307,2,1,14,3,3,1,29,2,2,20,6,4,17,1026,101,74,13,33,30
11,0,3,3,1,2,3,1,2,3,1,1,1,2,2066,2,1,22,4,4,1,5,3,4,3,2,1,0,1101,111,11,14,34,13
10,0,3,2,19,4,4,3,1,3,3,6,2,2,10725,2,1,15,3,3,1,16,1,4,9,7,7,1,1019,103,63,13,33,19
10,1,1,3,8,4,3,1,1,1,3,9,4,1,10650,2,1,15,3,4,0,18,2,3,4,2,0,3,1008,101,93,13,13,4
7,0,3,3,10,3,3,4,1,3,3,2,1,2,8321,7,2,13,3,4,1,15,1,3,12,8,5,7,710,74,23,23,33,22
5,0,3,1,8,4,5,2,2,3,2,5,2,2,6214,1,1,18,3,1,1,8,3,3,8,7,0,7,508,52,52,13,33,18
8,0,3,3,2,2,4,4,1,3,4,7,1,2,17665,0,1,17,3,4,1,23,3,3,22,6,13,7,802,84,74,13,33,32
6,0,3,1,5,4,3,1,2,3,2,5,4,2,5476,1,1,11,3,1,2,10,2,3,10,0,0,2,605,61,52,13,33,30
8,0,2,3,5,3,3,3,1,2,1,8,3,1,3162,3,1,14,3,4,0,7,5,3,5,2,0,3,805,83,81,13,23,5
5,0,1,1,7,3,3,3,1,3,2,5,1,1,4898,0,1,14,3,4,0,5,5,3,4,2,1,3,507,53,52,13,33,4
6,1,1,1,6,2,5,4,2,1,1,3,3,3,2351,0,1,16,3,4,1,3,3,2,2,2,1,0,606,64,31,13,13,12
5,0,3,3,1,2,4,4,1,3,1,8,2,3,3816,1,1,11,3,2,1,5,2,3,5,2,0,4,501,54,81,13,33,15
7,0,3,1,3,3,4,1,2,2,3,5,4,2,7644,0,1,19,3,3,2,10,2,3,9,7,3,4,703,71,53,13,23,29
8,1,1,1,4,3,5,1,1,3,2,5,2,1,9355,1,1,18,3,3,0,8,5,3,8,7,7,7,804,81,52,13,33,8
5,0,3,3,16,4,2,3,2,3,1,8,2,2,2811,9,1,14,3,2,1,4,2,3,2,2,2,2,516,53,81,13,33,12
5,0,3,3,23,3,3,4,1,3,1,1,4,1,2201,9,1,16,3,4,0,6,4,3,3,2,1,2,523,54,11,13,33,3
7,0,3,3,6,1,3,3,1,3,1,1,3,2,3506,0,2,14,3,4,0,4,3,3,3,2,2,2,706,73,11,23,33,3
4,1,3,3,3,1,3,2,2,3,2,9,3,2,4171,0,2,19,3,1,1,4,3,4,3,2,0,2,403,42,92,23,33,13
11,0,3,3,5,3,2,3,2,2,3,2,2,3,10552,2,2,13,3,4,1,24,3,3,6,0,0,4,1105,113,23,23,23,16
6,0,3,3,8,5,3,4,1,3,2,2,3,1,6388,2,2,17,3,1,0,14,6,3,0,0,0,0,608,64,22,23,33,0
4,1,1,3,3,4,3,3,1,2,1,1,4,2,2853,0,2,11,3,2,1,1,5,3,0,0,0,0,403,43,11,23,23,10
5,0,3,3,9,3,4,4,2,3,1,1,2,1,2279,1,1,16,3,4,0,7,2,2,7,7,0,3,509,54,11,13,33,7
10,0,3,3,9,4,3,4,1,3,1,8,4,2,2075,3,1,23,4,2,2,10,4,3,4,2,0,3,1009,104,81,14,34,24
7,0,3,3,1,3,6,3,2,3,2,9,2,2,5228,0,1,15,3,1,1,10,2,3,9,7,0,5,701,73,92,13,33,19
6,1,3,3,10,1,4,1,1,1,1,8,4,3,3408,7,1,13,3,1,3,8,2,3,4,3,1,3,610,61,81,13,13,34
7,0,3,3,1,3,4,3,1,4,3,2,4,3,9613,0,1,17,3,1,3,19,5,2,18,10,3,7,701,73,23,13,43,48
8,0,3,3,8,2,3,2,2,3,2,9,1,2,6516,2,2,16,3,2,1,18,3,3,1,0,0,0,808,82,92,23,33,11
7,0,3,3,3,2,4,3,1,2,2,8,3,3,3069,0,1,15,3,4,1,11,3,3,10,8,0,7,703,73,82,13,23,20
5,1,3,3,2,4,3,1,1,3,1,8,3,1,3485,2,1,11,3,3,0,5,5,1,0,0,0,0,502,51,81,13,33,0
5,0,3,3,21,4,3,2,2,4,3,9,1,3,9980,1,1,11,3,3,1,10,1,3,10,9,8,8,521,52,93,13,43,20
6,0,3,3,11,4,3,4,1,3,1,1,4,2,2356,3,2,19,3,2,1,8,2,3,6,4,0,2,611,64,11,23,33,16
9,0,3,3,1,4,4,4,1,3,5,4,4,3,19627,9,1,17,3,4,2,23,0,3,2,2,2,2,901,94,45,13,33,22
4,0,1,2,10,3,4,1,1,3,1,6,4,2,2145,0,1,14,3,4,1,3,2,3,2,2,2,1,410,41,61,13,33,12
7,0,3,3,3,2,3,1,2,3,1,8,4,3,2835,5,1,22,4,1,1,7,2,3,1,0,0,0,703,71,81,14,34,11
6,0,1,3,2,1,3,4,1,2,2,9,3,2,9547,1,1,17,3,3,0,10,2,2,10,9,1,9,602,64,92,13,23,10
8,0,3,3,9,4,3,3,1,3,1,8,1,3,2289,1,1,20,4,2,2,5,2,3,5,3,0,4,809,83,81,14,34,25
8,0,3,3,2,3,4,2,2,2,2,8,3,2,3448,6,1,22,4,2,1,20,3,3,1,0,0,0,802,82,82,14,24,11
8,1,3,3,3,3,3,1,1,3,1,8,1,2,2362,4,1,12,3,3,0,10,4,4,3,2,1,2,803,81,81,13,33,3
6,0,3,3,26,1,3,1,1,3,1,1,3,3,2911,1,1,17,3,4,1,5,1,2,5,2,4,3,626,61,11,13,33,15
7,0,1,3,2,4,3,1,2,4,2,9,1,1,5980,6,2,12,3,4,0,17,2,3,15,7,4,12,702,71,92,23,43,15
5,0,3,3,10,3,6,3,2,3,2,1,3,1,3660,3,1,13,3,4,0,10,4,4,8,7,1,7,510,53,12,13,33,8
11,0,3,3,2,2,4,4,2,1,5,7,3,2,19187,4,1,14,3,4,1,23,5,3,19,9,9,11,1102,114,75,13,13,29
7,0,3,3,8,1,3,4,1,4,1,8,4,2,2269,1,1,19,3,4,0,1,2,3,1,0,0,1,708,74,81,13,43,1
10,0,3,3,5,2,4,1,1,3,5,4,1,2,19406,4,1,11,3,3,1,24,4,2,4,2,1,2,1005,101,45,13,33,14
5,1,3,3,1,2,3,1,2,1,1,1,2,1,2216,7,2,13,3,4,0,10,4,3,7,7,3,7,501,51,11,23,13,7
6,0,3,1,8,2,3,3,2,3,2,5,1,2,6500,5,1,17,3,2,1,6,1,3,3,2,1,2,608,63,52,13,33,13
7,0,3,1,1,3,3,1,1,2,1,3,1,1,2858,4,1,14,3,1,0,20,3,2,1,0,0,0,701,71,31,13,23,1
5,1,3,3,18,1,4,3,1,2,1,1,4,1,2389,1,2,13,3,3,0,4,3,2,4,3,0,1,518,53,11,23,23,4
7,0,3,3,1,4,3,4,2,4,1,1,3,1,2506,3,1,13,3,3,0,7,0,3,2,2,2,2,701,74,11,13,43,2
7,0,3,3,15,2,3,3,1,2,3,4,4,3,11510,0,2,14,3,2,1,12,3,3,11,10,2,9,715,73,43,23,23,21
6,0,3,1,2,2,3,1,1,3,1,3,3,2,3067,0,1,19,3,3,1,3,1,3,2,2,1,2,602,61,31,13,33,12
5,0,3,3,21,3,4,3,1,3,1,1,4,2,2713,1,1,11,3,3,1,5,2,1,5,2,0,2,521,53,11,13,33,15
7,0,1,3,2,4,4,1,1,2,1,1,4,1,4930,0,2,14,3,3,0,6,2,4,5,4,1,4,702,71,11,23,23,5
11,0,3,3,4,4,3,4,1,3,2,2,3,2,4035,0,2,16,3,2,0,4,2,3,3,2,1,2,1104,114,22,23,33,3
7,0,3,1,2,4,3,3,1,3,1,3,4,1,2644,3,2,21,4,4,0,7,3,2,3,2,1,2,702,73,31,24,34,3
9,0,2,1,2,4,5,3,1,3,2,5,2,2,4978,7,1,11,3,4,1,4,3,1,1,0,0,0,902,93,52,13,33,11
10,0,2,3,19,4,4,4,1,3,1,1,4,2,4258,0,1,18,3,1,1,5,3,3,4,3,1,2,1019,104,11,13,33,14
6,1,2,3,16,4,2,4,1,1,1,1,1,2,2307,1,2,23,4,2,1,5,2,3,5,2,3,0,616,64,11,24,14,15
7,0,3,1,16,4,5,3,2,2,2,5,1,2,5647,4,1,13,3,1,2,11,3,2,3,2,0,2,716,73,52,13,23,23
6,0,3,3,1,3,4,1,1,3,2,9,4,2,6162,1,2,22,4,2,1,9,3,3,9,8,7,8,601,61,92,24,34,19
7,0,2,3,5,2,2,3,1,4,1,8,3,1,3500,0,1,14,3,1,0,7,2,1,6,5,1,3,705,73,81,13,43,6
7,0,1,1,11,2,2,2,2,3,3,5,4,2,9738,0,1,14,3,3,1,10,6,3,9,7,2,8,711,72,53,13,33,19
7,0,3,3,6,4,3,3,1,1,1,8,3,3,2741,1,1,14,3,3,1,7,4,3,7,7,1,7,706,73,81,13,13,17
9,0,3,3,8,4,6,4,1,3,2,1,4,2,3697,9,1,14,3,1,2,12,3,3,10,9,9,8,908,94,12,13,33,30
4,1,3,1,1,1,2,1,2,3,1,3,2,1,3202,1,2,16,3,2,0,6,4,3,5,3,1,4,401,41,31,23,33,5
7,0,3,3,1,4,4,3,2,3,1,8,3,3,2232,7,1,14,3,3,3,7,1,3,3,2,1,2,701,73,81,13,33,33
8,0,2,3,21,2,4,3,2,3,2,9,3,3,5265,2,1,16,3,2,1,11,5,3,5,3,0,2,821,83,92,13,33,15
8,0,3,1,6,3,5,4,1,3,3,5,3,1,9241,1,1,12,3,2,0,10,3,3,10,8,8,7,806,84,53,13,33,10
10,0,3,3,2,3,4,4,1,4,4,4,2,1,16598,4,1,12,3,2,0,35,2,2,9,8,8,8,1002,104,44,13,43,9
7,0,2,3,8,3,3,1,2,4,3,4,1,2,11713,9,1,14,3,1,1,10,2,3,8,7,0,5,708,71,43,13,43,18
5,0,3,3,15,1,3,2,2,1,1,1,4,2,2168,0,2,18,3,1,1,6,2,2,5,4,1,3,515,52,11,23,13,15
5,0,3,3,6,3,3,4,1,2,1,1,3,2,2539,1,1,13,3,3,1,4,0,3,4,2,2,2,506,54,11,13,23,14
6,0,3,2,1,3,3,3,1,3,1,6,3,3,2064,0,1,21,4,1,1,6,3,4,5,3,1,3,601,63,61,14,34,15
10,0,3,1,1,1,4,4,2,3,2,5,1,1,8381,7,1,20,4,4,0,18,2,4,14,7,8,10,1001,104,52,14,34,14
8,0,3,3,29,3,4,2,1,1,2,8,4,1,4272,4,1,19,3,1,0,16,3,3,1,0,0,0,829,82,82,13,13,1
8,0,3,3,4,2,2,3,1,3,5,7,4,2,19232,1,1,11,3,4,0,22,3,3,22,17,11,15,804,83,75,13,33,22
6,0,3,3,2,4,3,4,1,2,2,9,1,2,5957,6,1,13,3,2,1,13,3,3,11,9,5,9,602,64,92,13,23,21
8,0,3,2,1,4,3,1,2,2,2,6,3,1,5985,4,1,11,3,2,0,10,1,4,2,2,0,2,801,81,62,13,23,2
5,1,3,3,10,3,3,4,2,2,1,1,1,1,2404,6,2,20,4,3,0,3,5,3,0,0,0,0,510,54,11,24,24,0
5,0,3,3,1,3,3,3,1,3,1,1,4,2,2044,1,1,11,3,3,1,5,6,4,5,3,0,3,501,53,11,13,33,15
7,0,3,3,14,1,3,3,1,3,2,2,4,2,6586,0,2,17,3,1,1,17,2,2,16,8,4,11,714,73,22,23,33,26
5,0,2,1,2,3,3,4,1,3,2,5,3,2,4649,1,1,14,3,1,1,4,3,2,4,3,0,2,502,54,52,13,33,14
9,0,3,3,4,2,4,1,1,2,5,7,3,2,18711,2,1,13,3,3,1,23,2,4,1,0,0,0,904,91,75,13,23,11
6,0,3,1,2,1,5,3,1,3,2,5,2,2,4078,0,2,13,3,1,3,4,3,2,3,2,1,2,602,63,52,23,33,33
7,1,3,3,6,3,4,4,1,3,1,8,1,2,2404,7,2,21,4,4,0,8,2,1,2,2,2,2,706,74,81,24,34,2
5,0,1,1,20,3,2,3,2,3,1,3,4,2,2157,1,1,15,3,2,1,3,5,3,3,1,0,2,520,53,31,13,33,13
6,0,1,3,2,2,3,4,1,3,1,8,4,1,3068,0,1,13,3,3,0,8,2,2,7,7,3,6,602,64,81,13,33,7
5,0,3,3,8,3,4,3,2,3,1,1,4,1,3445,1,1,11,3,3,0,6,5,2,6,2,1,4,508,53,11,13,33,6
5,0,3,3,7,3,6,3,1,4,1,8,1,1,3578,0,1,12,3,4,0,8,2,3,7,7,0,7,507,53,81,13,43,7
9,0,3,1,2,3,5,3,2,3,4,7,1,2,17048,8,1,23,4,1,0,28,2,3,26,15,15,9,902,93,74,14,34,26
5,0,3,1,28,2,5,1,1,3,2,5,2,2,6272,1,1,20,4,4,2,6,5,4,5,3,1,4,528,51,52,14,34,25
6,0,3,3,16,3,3,3,1,4,2,2,3,2,5294,3,1,16,3,3,1,10,3,3,7,0,1,7,616,63,22,13,43,17
8,0,3,1,6,3,3,4,2,3,3,7,4,1,13591,3,2,18,3,3,0,16,3,3,1,0,0,0,806,84,73,23,33,1
9,0,3,1,3,3,3,3,2,3,4,7,2,2,16606,8,1,12,3,4,1,23,2,4,13,12,5,1,903,93,74,13,33,23
7,0,3,1,7,1,3,4,1,3,1,3,3,2,2404,1,1,13,3,1,1,1,3,3,1,0,0,0,707,74,31,13,33,11
10,0,3,1,14,2,3,3,2,3,2,5,4,2,4936,4,1,11,3,3,1,18,2,2,7,7,0,7,1014,103,52,13,33,17
9,0,3,3,6,3,3,1,1,2,2,2,3,1,4240,2,1,13,3,4,0,19,0,3,2,2,2,2,906,91,22,13,23,2
9,0,3,3,2,2,2,4,1,4,1,8,2,1,2559,5,1,11,3,3,0,7,4,2,1,0,0,0,902,94,81,13,43,1
4,0,2,3,16,2,4,4,1,4,1,8,4,3,2935,1,2,13,3,2,2,1,2,2,1,0,0,0,416,44,81,23,43,21
5,0,3,3,17,3,2,3,1,3,1,1,2,2,3058,0,2,16,3,4,1,6,3,2,5,2,1,1,517,53,11,23,33,15
7,0,3,3,13,3,4,1,1,3,2,1,4,2,4285,1,1,17,3,1,0,10,2,3,10,8,3,7,713,71,12,13,33,10
9,0,3,3,20,4,4,4,1,3,1,1,3,2,2259,4,1,17,3,1,2,13,2,2,0,0,0,0,920,94,11,13,33,20
10,0,3,3,13,2,4,4,2,4,2,9,1,3,4450,1,1,11,3,3,2,5,3,3,4,2,1,3,1013,104,92,13,43,24
8,0,3,1,4,4,5,2,1,3,2,5,1,1,5155,7,1,13,3,4,0,9,3,4,6,4,1,5,804,82,52,13,33,6
6,1,1,3,16,1,3,2,2,1,1,1,1,1,3919,1,2,22,4,2,0,10,5,3,10,2,6,7,616,62,11,24,14,10
7,0,3,1,9,2,5,2,1,2,2,5,2,2,4189,1,1,14,3,1,2,5,2,3,5,2,0,3,709,72,52,13,23,25
5,1,3,1,4,4,5,4,1,2,2,5,4,1,5828,1,2,12,3,2,0,8,0,3,8,7,7,4,504,54,52,23,23,8
10,0,3,3,8,4,6,3,2,3,1,8,1,2,2950,9,1,13,3,3,0,12,2,1,5,4,0,4,1008,103,81,13,33,5
7,0,3,3,3,5,2,4,2,3,2,1,3,1,4317,3,2,20,4,2,0,19,2,3,3,2,2,2,703,74,12,24,34,3
10,0,3,3,10,3,2,4,1,2,3,2,4,1,10496,6,1,15,3,4,0,20,2,3,4,3,1,3,1010,104,23,13,23,4
5,1,3,2,13,3,1,1,1,2,1,6,1,3,2335,4,2,15,3,4,3,4,3,3,2,2,2,0,513,51,61,23,23,32
5,0,3,3,7,3,3,3,1,3,2,2,4,3,6623,1,2,11,3,2,2,6,2,3,6,0,1,0,507,53,22,23,33,26
6,0,3,1,7,3,3,3,1,2,3,7,4,3,11557,9,1,21,4,3,1,10,3,2,5,4,0,1,607,63,73,14,24,15
7,0,3,3,14,3,3,4,2,3,1,8,1,3,3034,1,1,12,3,3,1,18,2,2,18,7,12,17,714,74,81,13,33,28
6,0,3,3,28,4,3,2,1,3,2,8,3,2,5207,1,2,12,3,2,1,15,3,3,15,14,5,7,628,62,82,23,33,25
8,0,1,3,21,3,4,4,1,3,1,8,4,2,2258,7,1,20,4,1,1,8,1,3,3,2,1,2,821,84,81,14,34,13
7,1,3,1,4,3,2,4,1,3,3,5,1,1,9582,0,2,22,4,1,0,9,2,3,8,7,4,7,704,74,53,24,34,8
7,0,2,3,8,4,3,3,2,3,2,2,3,2,4148,1,1,12,3,4,1,15,5,3,14,11,2,9,708,73,22,13,33,24
9,0,3,1,2,2,2,2,1,1,2,3,3,1,6632,0,1,13,3,1,0,9,3,3,8,7,3,1,902,92,32,13,13,8
7,0,1,1,1,4,4,3,1,1,2,5,4,3,9525,1,1,14,3,3,2,6,2,2,6,3,1,3,701,73,52,13,13,26
8,0,3,3,8,3,3,1,2,3,2,9,2,3,4765,4,1,21,4,3,1,4,2,4,1,0,0,0,808,81,92,14,34,11
9,0,3,3,5,4,2,1,1,3,2,2,3,2,6651,2,1,14,3,2,1,20,0,2,3,2,1,2,905,91,22,13,33,13
7,0,2,1,10,3,2,3,2,3,2,5,4,1,5666,1,2,13,3,2,0,6,1,3,5,3,1,3,710,73,52,23,33,5
8,0,3,3,9,2,3,2,1,3,1,1,1,2,2559,1,2,13,3,4,0,8,0,3,8,7,7,1,809,82,11,23,33,8
5,0,3,3,6,1,4,2,2,3,1,8,4,2,3131,1,1,13,3,1,1,10,5,3,10,8,0,8,506,52,81,13,33,20
9,0,3,1,11,4,5,4,2,3,2,5,4,1,4507,3,1,12,3,3,0,8,1,4,5,1,0,4,911,94,52,13,33,5
6,1,1,3,2,3,3,2,1,3,1,8,4,2,3722,6,2,13,3,3,1,7,2,1,2,2,2,2,602,62,81,23,33,12
4,1,3,1,12,3,3,3,2,4,1,3,2,1,2716,1,1,15,3,4,0,1,0,3,1,0,0,0,412,43,31,13,43,1
5,0,1,3,11,2,4,1,1,3,2,2,1,2,4741,1,2,13,3,3,1,5,3,3,5,3,3,3,511,51,22,23,33,15
6,1,3,3,14,3,4,3,1,3,1,8,4,2,2436,5,2,13,3,3,1,8,2,1,5,4,0,4,614,63,81,23,33,15
5,0,3,1,9,3,5,4,1,3,2,5,4,1,4105,1,1,14,3,1,0,7,5,3,7,7,0,7,509,54,52,13,33,7
3,0,3,3,25,3,3,2,2,4,1,1,4,1,2994,1,2,12,3,4,0,1,2,3,1,0,0,1,325,32,11,23,43,1
7,0,2,1,19,2,4,1,1,3,3,5,2,1,7642,1,2,13,3,4,0,10,2,3,10,0,0,9,719,71,53,23,33,10
8,0,2,3,8,1,4,4,1,2,3,4,2,3,13757,2,1,11,3,3,1,16,5,3,9,8,4,8,808,84,43,13,23,19
4,1,3,3,8,1,4,3,2,3,1,8,1,2,2398,1,2,17,3,3,0,1,6,3,1,0,0,0,408,43,81,23,33,1
9,0,3,3,15,2,3,4,1,3,5,4,2,2,19081,5,1,11,3,1,1,25,2,3,4,2,0,3,915,94,45,13,33,14
10,0,3,1,21,4,5,3,1,3,2,5,4,1,5441,0,2,22,4,4,0,11,2,1,10,7,1,0,1021,103,52,24,34,10
7,0,1,3,22,3,4,4,2,3,3,9,1,1,10880,1,2,13,3,3,0,21,2,3,21,6,2,8,722,74,93,23,33,21
7,0,3,3,19,2,3,2,1,3,1,1,2,2,3022,4,1,21,4,1,0,8,1,3,1,0,0,0,719,72,11,14,34,1
8,0,3,3,2,4,3,3,1,2,1,1,3,1,2809,2,1,14,3,4,0,8,2,3,2,2,2,2,802,83,11,13,23,2
5,0,3,3,14,3,3,1,1,3,1,1,1,2,2235,1,2,14,3,4,2,9,3,2,9,7,6,8,514,51,11,23,33,29
6,1,3,3,2,2,3,1,2,3,1,8,1,2,2707,7,1,20,4,1,0,13,3,4,9,7,1,7,602,61,81,14,34,9
6,0,2,1,26,4,5,3,1,3,2,5,4,2,4465,0,1,18,3,1,0,4,2,3,3,2,2,2,626,63,52,13,33,3
7,0,2,1,9,4,4,1,1,3,3,5,2,3,8834,1,1,13,3,4,1,9,6,3,9,5,7,7,709,71,53,13,33,19
9,0,1,3,2,1,3,2,1,3,5,4,4,2,19161,3,1,15,3,4,0,28,3,3,5,4,4,3,902,92,45,13,33,5
7,0,1,3,3,4,6,3,1,3,1,1,3,2,2821,3,1,16,3,1,1,8,2,3,2,2,2,2,703,73,11,13,33,12
3,1,3,1,22,1,5,4,1,3,1,3,3,1,1675,1,2,19,3,4,0,0,2,2,0,0,0,0,322,34,31,23,33,0
7,0,3,3,3,3,6,4,2,3,2,2,2,1,4107,3,1,15,3,1,0,8,3,2,4,3,0,1,703,74,22,13,33,4
5,0,3,3,4,2,3,3,1,3,1,1,4,1,2875,1,2,20,4,2,0,8,2,2,8,5,2,2,504,53,11,24,34,8
6,0,2,3,1,4,4,3,1,1,2,9,3,2,4345,0,1,12,3,4,1,6,2,3,5,4,1,4,601,63,92,13,13,15
6,1,2,1,19,3,5,1,1,4,2,5,4,1,5304,8,2,13,3,2,0,9,3,2,5,2,0,4,619,61,52,23,43,5
5,1,1,3,24,2,3,4,1,2,1,1,4,1,2439,1,2,24,4,2,0,1,3,2,1,0,1,0,524,54,11,24,24,1
8,0,3,3,14,2,3,2,1,3,4,4,1,2,17159,6,1,24,4,3,1,22,3,3,4,1,1,0,814,82,44,14,34,14
6,1,3,3,7,2,3,4,1,3,2,8,3,2,4883,1,1,18,3,1,1,10,3,3,10,4,1,1,607,64,82,13,33,20
8,0,3,3,2,3,4,3,1,2,1,8,2,2,4841,4,1,14,3,2,1,4,3,3,1,0,0,0,802,83,81,13,23,11
6,0,1,3,7,3,3,2,1,4,1,8,2,2,2794,1,1,20,4,3,0,5,3,1,5,1,0,3,607,62,81,14,44,5
5,0,3,3,1,3,3,4,2,2,4,4,4,3,16124,3,1,14,3,2,2,9,2,2,7,7,1,7,501,54,44,13,23,27
5,0,3,3,4,2,3,1,1,3,1,1,3,3,2517,1,1,11,3,2,3,5,2,3,5,3,0,3,504,51,11,13,33,35
4,1,3,3,10,1,4,4,1,3,1,1,3,1,1009,1,2,11,3,4,0,1,5,3,1,0,1,1,410,44,11,23,33,1
5,1,1,2,17,4,3,2,2,3,1,6,3,3,2741,0,2,11,3,2,1,8,2,2,7,7,1,0,517,52,61,23,33,17
6,0,3,3,2,4,4,4,1,4,1,1,4,2,2932,0,2,14,3,1,3,6,3,3,5,0,1,2,602,64,11,23,43,35
5,0,3,3,6,4,4,1,2,2,1,1,3,3,2187,0,1,12,3,3,2,6,5,2,5,3,0,3,506,51,11,13,23,25
10,0,3,3,7,4,3,2,1,3,3,2,2,1,10445,7,1,19,3,4,0,18,4,3,8,6,4,0,1007,102,23,13,33,8
6,0,3,1,1,3,4,1,1,4,2,5,1,3,4037,1,1,22,4,1,1,9,5,3,9,8,0,8,601,61,52,14,44,19
4,0,3,3,17,1,4,4,2,2,2,9,3,3,4377,1,1,15,3,2,2,5,6,3,4,2,3,2,417,44,92,13,23,24
10,0,1,3,2,3,4,4,2,3,4,7,1,2,17856,2,1,22,4,3,1,32,3,3,2,2,2,2,1002,104,74,14,34,12
7,0,3,1,10,4,5,3,1,2,3,5,3,3,8740,0,2,14,3,2,2,9,2,3,8,7,2,7,710,73,53,23,23,28
7,0,3,3,1,2,4,3,2,2,1,1,1,2,3920,2,1,14,3,1,1,17,2,2,3,1,0,2,701,73,11,13,23,13
5,0,3,1,10,3,4,3,1,3,2,5,4,1,4684,1,1,13,3,1,0,5,4,3,5,3,1,2,510,53,52,13,33,5
7,0,3,3,6,3,3,2,2,4,1,8,4,2,3038,3,1,12,3,2,0,5,3,3,1,0,0,0,706,72,81,13,43,1
4,0,3,3,1,2,3,2,1,2,2,2,3,1,4617,1,1,12,3,2,0,4,2,2,4,3,1,2,401,42,22,13,23,4
6,1,3,1,20,3,3,2,2,1,2,5,3,2,4559,3,2,11,3,3,1,4,2,3,2,2,2,2,620,62,52,23,13,12
8,0,3,1,9,1,3,3,1,3,3,5,3,3,8189,3,2,13,3,3,1,12,2,3,9,7,0,7,809,83,53,23,33,19
3,0,2,3,1,3,3,4,2,3,1,8,4,1,1611,1,1,15,3,3,0,0,5,4,0,0,0,0,301,34,81,13,33,0
5,0,3,1,4,1,5,3,1,2,2,5,1,2,4256,1,1,12,3,1,0,5,1,4,5,2,0,3,504,53,52,13,23,5
6,1,3,3,8,3,3,1,2,2,1,1,2,1,1261,1,1,12,3,3,0,1,3,4,1,0,0,0,608,61,11,13,23,1
7,0,2,1,2,2,3,4,1,2,2,5,4,2,5249,3,1,18,3,4,1,13,0,3,8,7,7,5,702,74,52,13,23,18
5,0,3,3,3,3,4,4,2,3,3,9,2,3,7655,0,1,17,3,2,3,10,3,2,9,7,1,7,503,54,93,13,33,39
4,0,3,3,3,3,3,1,1,2,1,8,3,1,3033,1,1,12,3,1,0,2,2,2,2,2,1,2,403,41,81,13,23,2
9,0,1,3,7,4,3,1,1,4,2,9,3,2,6434,4,1,17,3,4,1,9,1,3,3,2,0,2,907,91,92,13,43,13
8,0,3,3,5,3,3,2,1,4,2,2,2,1,6870,3,1,12,3,1,0,11,3,1,3,2,1,2,805,82,22,13,43,3
5,0,3,3,2,4,3,4,2,3,1,8,1,3,2341,1,1,13,3,4,1,1,6,3,1,0,0,0,502,54,81,13,33,11
6,0,3,3,2,3,4,3,1,3,1,8,4,1,2496,4,1,11,3,4,0,7,3,3,1,1,0,0,602,63,81,13,33,1
4,0,3,3,5,1,4,3,1,3,1,1,4,1,3117,1,1,18,3,3,0,3,2,3,2,2,2,2,405,43,11,13,33,2
11,0,3,3,23,3,3,4,1,3,4,9,2,2,13402,4,2,12,3,1,1,33,0,3,19,16,15,9,1123,114,94,23,33,29
8,0,3,3,2,1,4,4,2,2,1,1,4,1,2342,0,2,20,4,4,0,5,2,2,4,2,2,3,802,84,11,24,24,4
6,0,3,3,9,4,3,3,1,2,1,1,2,1,2657,0,2,16,3,4,0,3,5,3,2,2,2,2,609,63,11,23,23,2
6,0,3,1,27,5,5,3,1,3,2,5,4,3,5304,7,1,23,4,4,1,10,2,2,8,7,7,7,627,63,52,14,34,18
6,0,3,3,25,3,3,4,1,2,2,9,2,1,4320,1,1,13,3,4,0,5,2,3,5,3,0,2,625,64,92,13,23,5
5,0,3,1,23,1,4,2,2,2,2,3,3,2,3540,1,1,21,4,4,1,9,5,3,9,8,5,8,523,52,32,14,24,19
8,0,3,2,6,2,4,3,1,3,4,7,4,1,16437,1,2,21,4,4,0,21,2,3,21,7,7,7,806,83,74,24,34,21
8,0,3,2,10,4,1,2,1,2,5,7,4,3,19141,3,1,15,3,2,3,23,2,2,21,6,12,6,810,82,75,13,23,51
11,0,2,1,2,3,4,2,1,3,4,7,2,3,16291,4,1,22,4,4,1,37,0,2,16,9,14,14,1102,112,74,14,34,26
7,0,3,3,25,2,4,3,2,2,2,2,4,3,5731,7,1,13,3,3,2,9,2,3,6,2,1,3,725,73,22,13,23,26
8,0,3,1,4,4,5,3,1,2,3,5,4,2,10855,7,1,11,3,1,1,15,2,2,12,11,2,11,804,83,53,13,23,22
6,0,3,3,1,2,4,4,1,3,1,8,2,2,3748,1,1,13,3,3,0,12,6,2,12,8,1,7,601,64,81,13,33,12
9,0,1,1,5,4,5,1,1,3,2,5,4,1,5772,4,2,21,4,3,0,14,4,3,9,6,0,8,905,91,52,24,34,9
8,0,3,1,2,2,5,2,2,3,2,5,2,2,5677,3,1,14,3,3,1,15,4,3,11,8,5,10,802,82,52,13,33,21
5,0,1,3,20,1,4,4,1,3,1,8,4,2,3812,1,1,13,3,2,0,11,3,4,11,8,3,10,520,54,81,13,33,11
7,0,1,3,7,2,4,3,1,2,5,7,4,2,19272,1,1,15,3,1,1,21,2,3,21,9,13,3,707,73,75,13,23,31
8,0,1,3,27,3,3,3,2,3,3,9,1,2,10820,8,1,11,3,3,1,18,1,3,8,7,0,1,827,83,93,13,33,18
4,0,3,3,15,3,4,2,2,3,1,8,4,1,2871,1,1,15,3,3,0,1,5,3,0,0,0,0,415,42,81,13,33,0
9,1,3,1,9,2,4,3,1,2,3,5,4,1,9619,1,1,16,3,4,0,9,3,3,9,8,4,7,909,93,53,13,23,9
8,0,3,1,28,3,4,4,2,4,4,5,4,2,13320,3,2,18,3,3,1,23,2,3,12,11,11,11,828,84,54,23,43,22
9,0,3,2,24,4,4,2,1,3,1,6,2,1,2177,1,1,16,3,1,0,6,3,3,6,3,0,4,924,92,61,13,33,6
5,1,3,3,2,4,4,1,1,1,1,1,4,2,3464,5,2,13,3,4,0,5,4,2,3,2,2,2,502,51,11,23,13,3
6,0,1,3,3,3,4,3,2,3,1,1,3,3,2083,1,1,20,4,3,1,1,2,3,1,0,0,0,603,63,11,14,34,11
11,0,3,3,14,4,4,3,1,4,5,4,2,1,18722,8,1,11,3,4,0,36,3,3,24,15,2,15,1114,113,45,13,43,24
6,0,3,1,1,3,5,1,1,3,3,5,4,1,9888,1,1,21,4,1,0,14,3,2,14,8,2,1,601,61,53,14,34,14
6,0,3,3,2,4,4,3,2,2,1,1,1,1,4381,1,1,11,3,3,0,6,3,3,6,5,1,3,602,63,11,13,23,6
10,0,3,1,9,3,5,3,1,3,5,7,3,2,19331,4,2,16,3,3,1,27,2,3,1,0,0,0,1009,103,75,23,33,11
10,0,3,3,24,3,3,4,1,3,4,9,3,2,13973,3,2,18,3,4,1,22,2,3,12,11,1,5,1024,104,94,23,33,22
7,0,3,2,8,4,2,3,1,3,1,6,3,1,4323,1,1,17,3,2,0,6,2,1,5,4,1,4,708,73,61,13,33,5
9,0,3,1,2,5,5,2,2,3,2,5,4,2,4051,2,1,14,3,1,1,14,2,3,9,7,6,7,902,92,52,13,33,19
8,0,3,3,12,3,3,2,2,3,2,2,1,3,4448,2,1,12,3,2,1,15,3,3,7,4,7,7,812,82,22,13,33,17
5,0,3,3,1,2,4,1,1,2,1,8,1,2,3955,1,1,16,3,1,2,6,2,3,5,3,1,3,501,51,81,13,23,25
4,1,1,3,4,1,2,3,1,2,1,8,3,1,3894,5,1,16,3,3,0,4,3,3,2,2,1,2,404,43,81,13,23,2
7,0,3,3,5,4,3,2,2,2,1,1,1,2,3419,9,2,14,3,4,1,6,3,4,1,1,0,0,705,72,11,23,23,11
6,0,3,3,9,4,3,1,2,3,2,1,4,2,6322,1,2,12,3,4,1,6,2,2,6,4,0,5,609,61,12,23,33,16
8,0,3,3,1,3,3,3,2,3,2,2,4,3,6513,4,1,17,3,4,1,12,3,3,5,3,0,3,801,83,22,13,33,15
5,0,3,3,29,1,3,4,1,1,2,2,3,3,6384,8,1,17,3,4,2,11,3,3,7,0,1,6,529,54,22,13,13,27
10,0,3,3,1,3,4,4,2,3,4,4,4,1,17328,6,1,19,3,4,0,29,3,2,20,7,12,7,1001,104,44,13,33,20
5,0,3,3,2,1,4,1,1,4,1,1,1,1,3424,7,1,13,3,3,0,6,3,2,4,3,0,1,502,51,11,13,43,4
7,0,3,3,10,4,3,3,1,3,2,9,2,1,4197,2,2,12,3,4,0,18,2,2,1,0,0,1,710,73,92,23,33,1
6,0,3,3,2,3,3,3,2,1,2,9,4,1,6091,2,1,20,4,3,0,11,2,3,5,4,0,2,602,63,92,14,14,5
7,0,3,1,3,4,3,4,1,3,3,5,4,3,7823,6,1,13,3,2,1,12,2,3,10,9,0,8,703,74,53,13,33,20
4,1,3,1,7,3,3,3,1,3,1,3,4,3,2275,1,2,21,4,2,1,3,2,3,3,2,0,2,407,43,31,24,34,13
11,0,3,1,1,2,2,2,1,3,3,7,4,2,11904,3,2,14,3,3,1,14,1,1,6,4,0,4,1101,112,73,23,33,16
5,0,3,3,7,3,4,4,2,2,2,2,1,1,6811,8,1,19,3,1,0,9,2,1,7,6,0,7,507,54,22,13,23,7
7,0,3,1,10,4,3,4,2,2,2,5,4,3,6694,2,2,14,3,3,3,8,5,3,1,0,0,0,710,74,52,23,23,31
5,1,3,1,23,1,3,4,2,2,3,5,1,2,7336,1,1,13,3,1,1,11,3,1,11,8,3,10,523,54,53,13,23,21
5,0,1,1,2,2,3,2,1,3,2,5,4,1,4554,1,1,18,3,1,0,10,3,2,10,7,0,9,502,52,52,13,33,10
8,0,3,3,17,2,3,4,2,4,2,1,1,1,6545,3,2,13,3,3,0,10,1,3,3,2,0,2,817,84,12,23,43,3
4,1,3,1,3,2,3,1,2,3,2,5,3,1,4577,9,1,14,3,1,0,4,3,3,2,2,2,0,403,41,52,13,33,2
8,0,3,3,6,3,4,4,1,3,1,8,1,1,4721,2,2,13,3,3,0,20,3,3,18,13,2,17,806,84,81,23,33,18
10,0,3,3,1,2,4,4,1,3,4,4,4,3,17399,9,1,22,4,3,1,32,1,2,5,4,1,3,1001,104,44,14,34,15
8,0,3,1,8,3,5,3,2,3,2,5,2,2,4393,5,1,21,4,3,1,14,3,3,5,4,1,4,808,83,52,14,34,15
8,1,1,3,19,3,4,3,1,4,1,1,3,3,2759,6,2,12,3,4,0,7,2,3,2,2,2,2,819,83,11,23,43,2
4,1,1,1,9,3,5,4,1,3,1,3,1,2,1790,1,1,19,3,1,1,1,3,2,1,0,1,0,409,44,31,13,33,11
10,0,3,1,8,4,5,4,1,3,1,3,2,2,3875,7,1,15,3,4,1,4,2,3,2,2,2,2,1008,104,31,13,33,12
5,0,3,3,19,4,4,4,1,2,1,8,1,2,3196,1,1,12,3,3,3,6,2,3,6,5,3,3,519,54,81,13,23,36
4,0,3,3,6,1,4,1,1,3,1,1,3,2,2773,0,1,20,4,4,0,3,3,3,2,2,2,2,406,41,11,14,34,2
8,0,3,3,6,3,4,4,1,2,2,9,2,1,6032,6,2,15,3,4,0,8,3,3,5,4,1,2,806,84,92,23,23,5
6,0,1,3,3,1,3,1,1,3,2,2,4,1,7756,0,1,17,3,3,0,7,1,2,6,2,0,4,603,61,22,13,33,6
7,0,3,1,1,4,3,2,2,3,2,5,3,1,6815,6,1,13,3,1,0,15,5,3,1,0,0,0,701,72,52,13,33,1
11,1,3,3,7,4,4,3,2,2,3,9,1,2,10008,7,2,14,3,4,0,31,0,2,10,9,5,9,1107,113,93,23,23,10
6,0,3,3,10,3,4,3,1,3,3,7,4,1,11244,2,1,25,4,2,0,10,5,4,5,2,0,0,610,63,73,14,34,5
8,0,3,3,2,1,4,2,2,4,2,2,3,3,6377,5,1,20,4,2,3,15,0,3,12,11,11,8,802,82,22,14,44,42
9,0,3,3,5,5,4,3,2,1,2,8,1,1,5769,1,2,14,3,1,0,10,3,3,10,7,1,4,905,93,82,23,13,10
5,1,3,3,2,4,4,3,1,3,1,1,3,1,4382,6,1,17,3,4,0,5,3,2,2,2,2,1,502,53,11,13,33,2
5,0,3,1,5,3,4,1,1,2,2,5,2,3,4187,1,2,13,3,2,1,10,3,2,10,0,0,9,505,51,52,23,23,20
6,1,1,3,29,2,4,3,1,2,1,8,2,1,3479,0,1,11,3,2,0,6,2,4,5,4,1,4,629,63,81,13,23,5
3,1,3,2,2,2,2,1,1,2,1,6,4,1,2564,1,1,12,3,3,0,1,3,4,1,0,0,0,302,31,61,13,23,1
9,0,3,3,7,3,3,2,1,3,3,1,1,3,9724,2,1,17,3,3,1,25,2,3,1,0,0,0,907,92,13,13,33,11
7,0,3,3,12,4,3,3,2,3,2,9,3,2,4663,9,2,12,3,2,2,7,2,3,3,2,1,1,712,73,92,23,33,23
7,0,3,3,6,3,3,4,1,3,1,8,4,2,3210,0,1,11,3,3,1,16,4,3,15,13,10,11,706,74,81,13,33,25
7,0,1,3,18,1,4,2,2,3,1,8,4,1,2153,1,1,13,3,1,0,8,2,3,8,1,1,7,718,72,81,13,33,8
8,0,1,3,26,3,4,2,2,3,2,1,2,3,5605,1,1,11,3,1,1,20,2,3,20,7,2,13,826,82,12,13,33,30
10,0,3,3,3,3,4,4,2,3,4,2,2,1,13734,3,1,18,3,3,0,21,6,3,7,7,1,0,1003,104,24,13,33,7
6,0,1,3,1,2,3,1,2,3,3,4,4,1,13458,1,2,12,3,3,0,15,1,3,15,14,8,12,601,61,43,23,33,15
6,1,3,1,9,4,5,1,2,3,2,5,1,1,8224,0,2,17,3,1,0,6,3,3,5,2,0,3,609,61,52,23,33,5
7,1,3,3,2,3,3,1,2,3,1,8,1,3,2074,1,2,12,3,4,1,1,2,3,1,0,0,0,702,71,81,23,33,11
6,0,1,3,23,3,3,1,1,1,1,1,3,3,2613,1,1,25,4,3,3,10,2,2,10,7,0,9,623,61,11,14,14,40
10,0,3,3,22,5,4,2,2,3,4,7,3,2,17426,3,1,25,4,3,1,36,6,3,10,8,4,7,1022,102,74,14,34,20
7,0,1,3,23,2,4,3,1,4,2,8,4,2,2571,4,1,17,3,3,1,17,3,3,5,2,0,3,723,73,82,13,43,15
4,0,3,3,23,3,4,2,1,4,1,1,4,2,2725,1,2,11,3,2,2,6,3,3,6,5,1,4,423,42,11,23,43,26
7,0,2,3,2,2,3,3,1,2,2,2,4,3,5163,5,1,14,3,4,1,17,2,4,1,0,0,0,702,73,22,13,23,11
8,0,1,3,16,4,4,1,1,2,2,8,3,1,5094,6,1,14,3,4,0,10,6,3,1,0,0,0,816,81,82,13,23,1
8,0,2,3,23,2,3,4,1,2,2,1,3,1,4332,1,1,12,3,4,0,20,2,3,20,9,3,7,823,84,12,13,23,20
6,0,3,3,24,1,3,4,1,3,1,8,3,3,2693,1,1,22,4,2,1,1,2,3,1,0,0,0,624,64,81,14,34,11
6,0,1,3,2,4,2,4,2,2,1,1,1,1,4968,0,1,16,3,4,0,10,2,3,9,7,0,7,602,64,11,13,23,9
11,0,3,3,20,2,2,2,1,3,2,8,4,2,5415,3,2,19,3,4,1,12,4,3,10,7,0,8,1120,112,82,23,33,20
11,0,3,2,6,2,4,2,1,3,1,6,3,2,2267,8,1,17,3,4,0,7,2,2,2,2,2,2,1106,112,61,13,33,2
8,0,1,3,28,4,2,4,2,2,2,2,4,2,4523,0,1,11,3,4,3,7,4,4,6,5,0,4,828,84,22,13,23,36
6,0,3,1,10,3,5,4,1,3,2,5,4,1,5396,1,1,12,3,4,0,10,2,2,10,7,0,8,610,64,52,13,33,10
7,0,1,3,4,3,4,1,2,3,2,9,3,1,5042,0,1,13,3,4,0,10,2,1,9,2,3,8,704,71,92,13,33,9
8,0,3,3,2,2,4,1,1,3,5,4,3,3,19436,0,1,19,3,4,1,22,5,3,21,7,3,9,802,81,45,13,33,31
8,0,1,3,1,4,3,3,1,2,4,2,2,2,13503,1,1,22,4,4,1,22,3,2,22,3,11,11,801,83,24,14,24,32
6,0,2,3,1,3,3,4,1,3,1,8,4,3,2314,0,1,12,3,2,1,4,2,3,3,0,0,2,601,64,81,13,33,13
9,0,3,3,13,4,3,3,1,3,2,2,2,1,5562,6,1,14,3,4,0,19,3,3,10,7,0,9,913,93,22,13,33,10
7,0,1,3,2,3,4,2,2,3,2,8,2,1,4425,5,1,11,3,4,0,10,5,3,6,2,1,2,702,72,82,13,33,6
7,1,1,1,12,4,6,4,1,3,2,5,4,1,4581,3,2,24,4,1,0,13,2,4,11,9,6,7,712,74,52,24,34,11
6,0,3,3,1,4,6,3,1,2,1,1,1,1,2799,3,2,11,3,2,0,6,1,3,3,2,0,2,601,63,11,23,23,3
10,0,3,3,3,3,3,4,1,3,4,4,4,2,17779,3,1,14,3,1,0,36,2,3,10,9,0,9,1003,104,44,13,33,10
5,0,1,3,1,4,3,2,1,1,1,1,4,3,2720,1,1,18,3,4,1,10,5,3,10,7,2,8,501,52,11,13,13,20
8,0,3,3,19,2,4,3,1,3,2,8,4,2,2741,8,2,15,3,3,1,15,2,4,7,2,3,7,819,83,82,23,33,17
6,0,1,3,5,4,3,4,2,3,3,7,2,2,11878,6,1,11,3,2,2,12,2,3,10,6,8,8,605,64,73,13,33,30
8,0,1,3,10,3,3,4,1,2,4,7,1,3,17181,4,1,13,3,2,1,21,2,2,7,6,7,7,810,84,74,13,23,17
8,0,1,2,1,5,1,1,1,3,2,6,4,2,5743,4,2,11,3,3,0,14,3,3,10,7,0,2,801,81,62,23,33,10
12,0,3,3,7,3,3,1,2,3,5,7,1,2,19566,5,1,11,3,4,0,33,5,1,29,8,11,10,1207,121,75,13,33,29
8,0,1,3,10,4,3,3,2,3,1,8,4,1,2455,0,1,19,3,1,0,9,5,3,8,7,1,7,810,83,81,13,33,8
6,0,1,3,2,2,3,4,2,3,2,1,3,1,4998,4,2,14,3,4,0,10,2,3,8,7,0,7,602,64,12,23,33,8
8,0,3,3,27,3,2,4,1,4,1,8,2,3,4876,5,1,12,3,3,1,8,0,3,6,4,0,2,827,84,81,13,43,16
5,1,3,1,13,2,5,4,2,3,2,5,3,1,9854,3,2,11,3,4,0,6,0,3,2,0,2,2,513,54,52,23,33,2
5,0,3,3,2,4,3,1,2,3,2,9,4,2,4227,0,1,18,3,2,1,4,2,3,3,2,2,2,502,51,92,13,33,13
6,0,3,1,2,3,6,4,1,3,2,5,4,1,6274,1,1,22,4,3,0,6,5,3,6,5,1,4,602,64,52,14,34,6
9,1,3,1,11,3,5,3,2,3,3,5,4,2,7654,1,1,18,3,1,2,9,3,4,9,8,7,7,911,93,53,13,33,29
10,0,3,3,7,2,4,2,2,2,5,4,3,3,18740,5,2,12,3,4,1,29,2,2,27,3,13,8,1007,102,45,23,23,37
7,0,3,3,23,4,4,2,1,1,1,8,3,2,2705,0,1,16,3,2,1,6,2,4,5,4,0,3,723,72,81,13,13,15
9,0,3,3,18,4,3,4,1,2,5,4,3,3,19502,1,2,17,3,3,1,31,5,3,31,9,0,9,918,94,45,23,23,41
6,0,3,1,6,4,4,1,1,4,2,5,4,3,5460,4,1,22,4,4,2,13,4,4,7,7,5,7,606,61,52,14,44,27
8,0,3,3,2,2,3,3,2,3,1,8,1,2,3377,4,1,17,3,4,1,7,5,2,4,3,0,2,802,83,81,13,33,14
4,0,3,3,18,1,3,2,1,3,1,8,3,2,2774,0,1,12,3,3,1,6,2,3,5,3,1,2,418,42,81,13,33,15
6,0,3,3,2,3,2,4,1,3,1,1,1,1,2439,1,1,14,3,4,0,4,4,3,4,2,1,2,602,64,11,13,33,4
6,0,3,1,8,4,3,1,1,3,2,5,1,2,6392,2,1,13,3,4,1,8,6,1,2,2,2,2,608,61,52,13,33,12
12,0,3,1,7,4,5,2,1,4,2,5,4,3,5220,0,2,18,3,2,1,12,3,3,11,7,1,9,1207,122,52,23,43,21
7,0,2,3,25,5,4,2,2,3,2,1,3,2,4449,3,2,15,3,1,2,15,2,3,13,11,10,7,725,72,12,23,33,33
8,0,3,3,2,4,3,3,2,3,2,2,4,2,4089,1,1,13,3,2,2,10,4,3,10,2,2,2,802,83,22,13,33,30
5,0,3,3,2,1,4,1,1,3,1,8,2,2,3468,9,1,12,3,4,1,6,3,3,2,2,2,2,502,51,81,13,33,12
7,0,3,1,16,3,3,2,2,3,2,5,2,1,4198,2,1,12,3,2,0,8,5,4,3,2,1,2,716,72,52,13,33,3
11,0,3,3,3,3,3,3,1,2,1,1,4,2,2177,3,1,17,3,1,1,7,6,3,1,0,0,0,1103,113,11,13,23,11
8,0,3,1,7,4,4,2,1,3,5,7,2,1,19833,1,1,14,3,2,0,21,3,2,21,8,12,8,807,82,75,13,33,21
10,0,2,1,1,3,3,4,2,3,2,5,3,2,6347,0,1,12,3,1,1,19,3,3,18,7,0,13,1001,104,52,13,33,28
7,0,3,1,18,3,4,3,2,3,2,5,3,2,4601,1,1,16,3,2,0,5,3,3,5,2,1,0,718,73,52,13,33,5
9,1,1,1,27,2,3,2,2,4,2,5,3,1,6397,4,2,12,3,4,0,8,2,3,5,4,1,3,927,92,52,23,43,5
6,1,1,3,3,3,3,4,2,3,1,1,3,1,4084,1,1,12,3,1,0,7,2,1,7,2,7,7,603,64,11,13,33,7
5,0,3,3,27,3,4,2,2,3,2,2,3,2,4335,4,1,12,3,1,1,11,3,2,8,7,1,1,527,52,22,13,33,18
6,0,3,3,5,4,6,2,2,4,1,1,4,2,3312,3,1,17,3,4,2,6,3,3,3,2,0,2,605,62,11,13,43,23
12,0,3,1,16,4,5,1,1,3,2,5,1,1,5405,8,1,14,3,4,0,10,1,3,2,2,2,2,1216,121,52,13,33,2
5,1,2,3,24,2,2,2,1,2,3,2,1,1,8722,1,1,12,3,1,0,10,2,2,10,7,1,9,524,52,23,13,23,10
11,0,3,1,11,5,5,4,2,2,2,5,1,2,5380,4,1,16,3,3,1,6,3,3,0,0,0,0,1111,114,52,13,23,10
9,0,1,3,7,3,3,1,1,3,3,8,1,3,5210,1,1,18,3,1,1,24,2,3,24,9,9,11,907,91,83,13,33,34
5,1,3,3,25,3,3,1,1,1,1,8,3,1,2293,1,1,12,3,3,0,1,2,2,1,0,0,1,525,51,81,13,13,1
8,0,3,3,5,5,4,2,1,4,1,1,3,2,2127,2,2,12,3,1,0,7,5,2,4,2,0,3,805,82,11,23,43,4
5,0,3,3,28,4,4,4,2,2,1,1,1,1,3785,1,1,14,3,2,0,5,3,1,5,4,0,4,528,54,11,13,23,5
6,0,3,3,19,3,3,2,2,2,1,1,4,2,2929,1,1,12,3,2,0,10,3,3,10,9,8,7,619,62,11,13,23,10
9,0,3,1,1,2,5,2,2,3,3,5,1,3,10453,1,1,25,4,3,3,24,2,3,24,13,15,7,901,92,53,14,34,54
8,0,3,3,2,3,4,3,1,3,1,1,3,3,2345,2,1,14,3,3,1,8,3,4,3,1,1,2,802,83,11,13,33,13
6,0,1,1,7,3,4,4,1,3,2,5,1,2,4373,0,1,14,3,1,2,5,2,3,4,3,0,3,607,64,52,13,33,24
4,0,3,3,26,1,3,3,1,3,1,1,4,3,2904,1,1,12,3,3,2,4,2,2,4,2,0,2,426,43,11,13,33,24
6,0,3,3,21,3,4,2,1,4,1,8,2,2,2028,1,1,18,3,4,3,14,6,3,14,11,2,13,621,62,81,13,43,44
6,0,1,3,1,3,4,4,1,2,2,2,1,1,5343,0,1,20,4,3,0,14,3,3,13,9,4,9,601,64,22,14,24,13
8,0,1,3,9,4,4,4,1,3,1,1,2,3,3617,8,2,14,3,4,1,3,2,3,1,1,0,0,809,84,11,23,33,11
5,1,3,3,3,3,4,1,1,3,1,8,1,2,4031,5,1,13,3,3,1,6,5,3,2,2,0,2,503,51,81,13,33,12
7,0,3,1,17,2,5,3,1,2,2,5,2,2,5507,2,1,16,3,3,2,12,1,1,4,2,1,3,717,73,52,13,23,24
5,0,3,3,7,1,4,4,1,2,1,1,4,2,2889,1,1,11,3,3,2,2,2,3,2,2,2,1,507,54,11,13,23,22
9,1,1,3,28,2,3,1,1,2,2,8,1,1,4284,3,1,20,4,1,0,20,2,3,4,3,1,3,928,91,82,14,24,4
7,0,3,3,7,3,3,1,1,3,1,8,2,1,2013,2,1,11,3,3,0,15,4,3,4,3,1,3,707,71,81,13,33,4
7,0,3,1,14,3,3,3,1,3,2,5,2,2,9924,0,1,11,3,4,1,10,3,3,9,8,7,7,714,73,52,13,33,19
5,1,2,1,29,2,4,2,1,1,2,5,1,1,4969,8,1,18,3,4,0,7,6,3,2,2,2,2,529,52,52,13,13,2
7,0,3,3,19,3,3,3,1,3,2,9,3,2,5768,3,1,17,3,1,3,9,2,2,4,3,0,2,719,73,92,13,33,34
8,0,1,3,9,2,4,1,2,3,1,8,4,1,3673,1,1,13,3,3,0,12,3,3,12,9,5,8,809,81,81,13,33,12
7,0,3,3,10,1,3,4,2,3,1,1,1,3,2782,0,2,13,3,2,2,6,3,2,5,3,4,3,710,74,11,23,33,25
6,1,1,2,8,3,1,3,2,2,1,6,4,3,2180,6,1,11,3,3,1,6,0,2,4,2,1,2,608,63,61,13,23,14
6,0,3,3,5,4,3,4,1,2,2,9,4,1,9679,8,1,24,4,2,0,8,1,3,1,0,0,0,605,64,92,14,24,1
4,0,3,3,1,2,3,4,1,3,1,1,3,2,1223,1,1,22,4,4,1,1,2,3,1,0,0,1,401,44,11,14,34,11
6,0,3,3,5,4,2,3,1,3,1,1,4,2,4821,0,2,12,3,3,1,6,4,3,5,2,0,3,605,63,11,23,33,15
8,0,3,3,2,3,4,4,2,2,1,8,1,3,2593,0,2,11,3,3,1,10,4,3,9,6,7,8,802,84,81,23,23,19
8,0,2,3,8,2,3,4,1,3,2,2,4,3,4069,3,2,18,3,3,0,8,2,3,2,2,2,2,808,84,22,23,33,2
8,0,3,3,2,1,3,1,2,4,1,1,4,2,2011,1,1,13,3,4,1,10,5,3,10,5,7,7,802,81,11,13,43,20
9,0,1,1,2,3,4,4,1,2,2,5,2,2,5390,2,1,14,3,4,0,17,3,2,9,6,0,8,902,94,52,13,23,9
5,0,3,1,20,2,5,4,1,3,2,5,4,3,6931,2,1,14,3,4,1,10,2,3,3,2,0,2,520,54,52,13,33,13
7,0,3,3,22,3,3,2,2,4,3,7,2,3,11996,7,1,18,3,2,1,10,6,2,7,7,6,2,722,72,73,13,43,17
5,0,3,3,23,3,3,1,2,3,1,1,4,3,2886,1,1,22,4,2,2,3,3,1,3,2,0,2,523,51,11,14,34,23
5,0,1,3,1,3,3,4,1,4,2,2,3,1,6294,8,2,12,3,4,0,10,5,4,3,2,0,2,501,54,22,23,43,3
6,0,3,3,17,4,4,2,2,3,3,7,1,2,11916,1,2,23,4,4,2,9,2,3,9,1,0,8,617,62,73,24,34,29
6,0,3,2,2,3,1,1,1,2,2,6,1,2,6410,3,1,12,3,4,0,9,1,3,2,2,1,0,602,61,62,13,23,2
6,0,3,2,3,2,1,4,1,3,1,6,2,3,2277,3,2,11,3,3,1,7,4,4,4,3,0,3,603,64,61,23,33,14
8,0,3,3,23,5,3,1,2,3,4,4,4,1,15992,2,1,14,3,2,0,16,2,3,1,0,0,0,823,81,44,13,33,1
7,0,1,3,18,2,3,3,1,3,3,9,4,1,9362,2,1,11,3,3,0,10,2,3,2,2,2,2,718,73,93,13,33,2
7,1,3,3,2,3,4,3,1,3,2,9,2,2,4855,4,1,11,3,1,2,7,2,3,5,2,1,4,702,73,92,13,33,25
10,0,1,3,20,5,4,2,1,3,4,2,3,2,11245,2,2,15,3,3,1,32,3,3,30,8,12,13,1020,102,24,23,33,40
7,0,3,3,23,4,4,3,2,3,1,8,1,2,4014,3,2,15,3,3,1,4,3,3,2,2,2,2,723,73,81,23,33,12
7,0,3,1,2,4,5,2,2,1,2,3,4,2,5405,2,2,20,4,1,2,20,4,2,4,2,0,3,702,72,32,24,14,24
7,0,3,1,16,4,5,4,1,2,2,5,3,3,6334,4,1,19,3,4,2,9,2,3,1,0,0,0,716,74,52,13,23,21
4,1,3,3,7,1,3,4,1,3,1,1,2,1,2472,1,2,23,4,1,0,1,2,3,1,0,0,0,407,44,11,24,34,1
5,1,1,3,2,3,3,1,1,3,1,1,1,2,2042,6,2,14,3,2,1,6,2,3,3,2,1,2,502,51,11,23,33,13
